GeoFips,GeoName,2021
1001,"Autauga, AL",59095
1003,"Baldwin, AL",239294
1005,"Barbour, AL",24964
1007,"Bibb, AL",22477
1009,"Blount, AL",59041
1011,"Bullock, AL",10320
1013,"Butler, AL",18884
1015,"Calhoun, AL",115972
1017,"Chambers, AL",34541
1019,"Cherokee, AL",24996
1021,"Chilton, AL",45274
1023,"Choctaw, AL",12533
1025,"Clarke, AL",22760
1027,"Clay, AL",14190
1029,"Cleburne, AL",15103
1031,"Coffee, AL",54174
1033,"Colbert, AL",57474
1035,"Conecuh, AL",11328
1037,"Coosa, AL",10450
1039,"Covington, AL",37524
1041,"Crenshaw, AL",13083
1043,"Cullman, AL",89496
1045,"Dale, AL",49342
1047,"Dallas, AL",37619
1049,"DeKalb, AL",71813
1051,"Elmore, AL",89304
1053,"Escambia, AL",36699
1055,"Etowah, AL",103162
1057,"Fayette, AL",16148
1059,"Franklin, AL",32013
1061,"Geneva, AL",26701
1063,"Greene, AL",7629
1065,"Hale, AL",14754
1067,"Henry, AL",17459
1069,"Houston, AL",107458
1071,"Jackson, AL",52773
1073,"Jefferson, AL",667820
1075,"Lamar, AL",13689
1077,"Lauderdale, AL",94043
1079,"Lawrence, AL",33090
1081,"Lee, AL",177218
1083,"Limestone, AL",107517
1085,"Lowndes, AL",9965
1087,"Macon, AL",18895
1089,"Madison, AL",395211
1091,"Marengo, AL",18996
1093,"Marion, AL",29246
1095,"Marshall, AL",98228
1097,"Mobile, AL",413073
1099,"Monroe, AL",19648
1101,"Montgomery, AL",227434
1103,"Morgan, AL",123668
1105,"Perry, AL",8355
1107,"Pickens, AL",18801
1109,"Pike, AL",32991
1111,"Randolph, AL",21989
1113,"Russell, AL",58722
1115,"St. Clair, AL",92748
1117,"Shelby, AL",226902
1119,"Sumter, AL",12164
1121,"Talladega, AL",81524
1123,"Tallapoosa, AL",41023
1125,"Tuscaloosa, AL",227007
1127,"Walker, AL",64818
1129,"Washington, AL",15147
1131,"Wilcox, AL",10446
1133,"Winston, AL",23652
2010,"Aleutian Islands Census Area, AK*",(NA)
2013,"Aleutians East Borough, AK*",3398
2016,"Aleutians West Census Area, AK*",5059
2020,"Anchorage Municipality, AK",288121
2050,"Bethel Census Area, AK*",18557
2060,"Bristol Bay Borough, AK",838
2063,"Chugach Census Area, AK*",6941
2066,"Copper River Census Area, AK*",2630
2068,"Denali Borough, AK*",1593
2070,"Dillingham Census Area, AK*",4772
2090,"Fairbanks North Star Borough, AK",95593
2100,"Haines Borough, AK*",2071
2105,"Hoonah-Angoon Census Area, AK*",2332
2110,"Juneau City and Borough, AK",31973
2122,"Kenai Peninsula Borough, AK*",59767
2130,"Ketchikan Gateway Borough, AK*",13754
2150,"Kodiak Island Borough, AK",12787
2158,"Kusilvak Census Area, AK*",8360
2164,"Lake and Peninsula Borough, AK*",1416
2170,"Matanuska-Susitna Borough, AK",110686
2180,"Nome Census Area, AK",9865
2185,"North Slope Borough, AK*",10972
2188,"Northwest Arctic Borough, AK",7560
2195,"Petersburg Borough, AK*",3356
2198,"Prince of Wales-Hyder Census Area, AK*",5729
2201,"Prince of Wales-Outer Ketchikan Census Area, AK*",(NA)
2220,"Sitka City and Borough, AK*",8407
2230,"Skagway Municipality, AK*",1132
2231,"Skagway-Yakutat-Angoon Census Area, AK*",(NA)
2232,"Skagway-Hoonah-Angoon Census Area, AK*",(NA)
2240,"Southeast Fairbanks Census Area, AK*",6970
2261,"Valdez-Cordova Census Area, AK*",(NA)
2275,"Wrangell City and Borough, AK*",2055
2280,"Wrangell-Petersburg Census Area, AK*",(NA)
2282,"Yakutat City and Borough, AK*",704
2290,"Yukon-Koyukuk Census Area, AK*",5275
2901,"Aleutian Islands Division, AK*",(NA)
2903,"Angoon Division, AK*",(NA)
2904,"Barrow-North Slope Division, AK*",(NA)
2905,"Bethel Division, AK*",(NA)
2907,"Bristol Bay Division, AK*",(NA)
2908,"Cordova-McCarthy Division, AK*",(NA)
2910,"Haines Division, AK*",(NA)
2912,"Kenai-Cook Inlet Division, AK*",(NA)
2916,"Kuskokwim Division, AK*",(NA)
2919,"Outer Ketchikan Division, AK*",(NA)
2920,"Prince of Wales Division, AK*",(NA)
2921,"Seward Division, AK*",(NA)
2922,"Sitka Division, AK*",(NA)
2923,"Skagway-Yakutat Division, AK*",(NA)
2924,"Southeast Fairbanks Division, AK*",(NA)
2925,"Upper Yukon Division, AK*",(NA)
2926,"Valdez-Chitina-Whittier Division, AK*",(NA)
2928,"Wrangell-Petersburg Division, AK*",(NA)
2929,"Yukon-Koyukuk Division, AK*",(NA)
4001,"Apache, AZ",65623
4003,"Cochise, AZ",126050
4005,"Coconino, AZ",145052
4007,"Gila, AZ",53589
4009,"Graham, AZ",39050
4011,"Greenlee, AZ",9404
4012,"La Paz, AZ*",16408
4013,"Maricopa, AZ",4496588
4015,"Mohave, AZ",217692
4017,"Navajo, AZ",108147
4019,"Pima, AZ",1052030
4021,"Pinal, AZ",449557
4023,"Santa Cruz, AZ",47883
4025,"Yavapai, AZ",242253
4027,"Yuma, AZ*",206990
5001,"Arkansas, AR",16722
5003,"Ashley, AR",18674
5005,"Baxter, AR",42144
5007,"Benton, AR",293692
5009,"Boone, AR",37830
5011,"Bradley, AR",10408
5013,"Calhoun, AR",4741
5015,"Carroll, AR",28435
5017,"Chicot, AR",10019
5019,"Clark, AR",21321
5021,"Clay, AR",14350
5023,"Cleburne, AR",25015
5025,"Cleveland, AR",7514
5027,"Columbia, AR",22672
5029,"Conway, AR",20873
5031,"Craighead, AR",112218
5033,"Crawford, AR",60378
5035,"Crittenden, AR",47525
5037,"Cross, AR",16681
5039,"Dallas, AR",6308
5041,"Desha, AR",11090
5043,"Drew, AR",17110
5045,"Faulkner, AR",125106
5047,"Franklin, AR",17173
5049,"Fulton, AR",12145
5051,"Garland, AR",100330
5053,"Grant, AR",18090
5055,"Greene, AR",46317
5057,"Hempstead, AR",19694
5059,"Hot Spring, AR",33148
5061,"Howard, AR",12698
5063,"Independence, AR",37723
5065,"Izard, AR",13911
5067,"Jackson, AR",16811
5069,"Jefferson, AR",65861
5071,"Johnson, AR",25845
5073,"Lafayette, AR",6163
5075,"Lawrence, AR",16292
5077,"Lee, AR",8619
5079,"Lincoln, AR",13037
5081,"Little River, AR",11944
5083,"Logan, AR",21215
5085,"Lonoke, AR",74722
5087,"Madison, AR",16960
5089,"Marion, AR",16978
5091,"Miller, AR",42649
5093,"Mississippi, AR",39661
5095,"Monroe, AR",6683
5097,"Montgomery, AR",8611
5099,"Nevada, AR",8187
5101,"Newton, AR",7204
5103,"Ouachita, AR",22306
5105,"Perry, AR",9964
5107,"Phillips, AR",15906
5109,"Pike, AR",10066
5111,"Poinsett, AR",22660
5113,"Polk, AR",19353
5115,"Pope, AR",63789
5117,"Prairie, AR",8135
5119,"Pulaski, AR",397821
5121,"Randolph, AR",18865
5123,"St. Francis, AR",22739
5125,"Saline, AR",125233
5127,"Scott, AR",9822
5129,"Searcy, AR",7880
5131,"Sebastian, AR",128400
5133,"Sevier, AR",15783
5135,"Sharp, AR",17622
5137,"Stone, AR",12481
5139,"Union, AR",38340
5141,"Van Buren, AR",15694
5143,"Washington, AR",250057
5145,"White, AR",77207
5147,"Woodruff, AR",6116
5149,"Yell, AR",20155
6001,"Alameda, CA",1648556
6003,"Alpine, CA",1235
6005,"Amador, CA",41259
6007,"Butte, CA",208309
6009,"Calaveras, CA",46221
6011,"Colusa, CA",21917
6013,"Contra Costa, CA",1161413
6015,"Del Norte, CA",28100
6017,"El Dorado, CA",193221
6019,"Fresno, CA",1013581
6021,"Glenn, CA",28805
6023,"Humboldt, CA",136310
6025,"Imperial, CA",179851
6027,"Inyo, CA",18970
6029,"Kern, CA",917673
6031,"Kings, CA",153443
6033,"Lake, CA",68766
6035,"Lassen, CA",33159
6037,"Los Angeles, CA",9829544
6039,"Madera, CA",159410
6041,"Marin, CA",260206
6043,"Mariposa, CA",17147
6045,"Mendocino, CA",91305
6047,"Merced, CA",286461
6049,"Modoc, CA",8661
6051,"Mono, CA",13247
6053,"Monterey, CA",437325
6055,"Napa, CA",136207
6057,"Nevada, CA",103487
6059,"Orange, CA",3167809
6061,"Placer, CA",412300
6063,"Plumas, CA",19915
6065,"Riverside, CA",2458395
6067,"Sacramento, CA",1588921
6069,"San Benito, CA",66677
6071,"San Bernardino, CA",2194710
6073,"San Diego, CA",3286069
6075,"San Francisco, CA",815201
6077,"San Joaquin, CA",789410
6079,"San Luis Obispo, CA",283159
6081,"San Mateo, CA",737888
6083,"Santa Barbara, CA",446475
6085,"Santa Clara, CA",1885508
6087,"Santa Cruz, CA",267792
6089,"Shasta, CA",182139
6091,"Sierra, CA",3283
6093,"Siskiyou, CA",44118
6095,"Solano, CA",451716
6097,"Sonoma, CA",485887
6099,"Stanislaus, CA",552999
6101,"Sutter, CA",99063
6103,"Tehama, CA",65498
6105,"Trinity, CA",16060
6107,"Tulare, CA",477054
6109,"Tuolumne, CA",55810
6111,"Ventura, CA",839784
6113,"Yolo, CA",216986
6115,"Yuba, CA",83421
8001,"Adams, CO*",522140
8003,"Alamosa, CO",16547
8005,"Arapahoe, CO",654900
8007,"Archuleta, CO",13790
8009,"Baca, CO",3514
8011,"Bent, CO",5759
8013,"Boulder, CO*",329543
8014,"Broomfield, CO*",75325
8015,"Chaffee, CO",20074
8017,"Cheyenne, CO",1707
8019,"Clear Creek, CO",9446
8021,"Conejos, CO",7612
8023,"Costilla, CO",3625
8025,"Crowley, CO",6012
8027,"Custer, CO",5045
8029,"Delta, CO",31661
8031,"Denver, CO",711463
8033,"Dolores, CO",2397
8035,"Douglas, CO",368990
8037,"Eagle, CO",55727
8039,"Elbert, CO",27128
8041,"El Paso, CO",737867
8043,"Fremont, CO",49661
8045,"Garfield, CO",62161
8047,"Gilpin, CO",5873
8049,"Grand, CO",15860
8051,"Gunnison, CO",17281
8053,"Hinsdale, CO",781
8055,"Huerfano, CO",6920
8057,"Jackson, CO",1363
8059,"Jefferson, CO*",579581
8061,"Kiowa, CO",1452
8063,"Kit Carson, CO",6950
8065,"Lake, CO",7407
8067,"La Plata, CO",56250
8069,"Larimer, CO",362533
8071,"Las Animas, CO",14633
8073,"Lincoln, CO",5688
8075,"Logan, CO",21487
8077,"Mesa, CO",157335
8079,"Mineral, CO",924
8081,"Moffat, CO",13185
8083,"Montezuma, CO",26175
8085,"Montrose, CO",43168
8087,"Morgan, CO",29008
8089,"Otero, CO",18594
8091,"Ouray, CO",5035
8093,"Park, CO",17720
8095,"Phillips, CO",4512
8097,"Pitkin, CO",17348
8099,"Prowers, CO",11996
8101,"Pueblo, CO",169622
8103,"Rio Blanco, CO",6476
8105,"Rio Grande, CO",11408
8107,"Routt, CO",25091
8109,"Saguache, CO",6471
8111,"San Juan, CO",733
8113,"San Miguel, CO",8074
8115,"Sedgwick, CO",2336
8117,"Summit, CO",30941
8119,"Teller, CO",24926
8121,"Washington, CO",4861
8123,"Weld, CO*",340036
8125,"Yuma, CO",9941
9001,"Fairfield, CT",959768
9003,"Hartford, CT",896854
9005,"Litchfield, CT",185000
9007,"Middlesex, CT",164759
9009,"New Haven, CT",863700
9011,"New London, CT",268805
9013,"Tolland, CT",150293
9015,"Windham, CT",116418
10001,"Kent, DE",184149
10003,"New Castle, DE",571708
10005,"Sussex, DE",247527
11001,"District of Columbia, DC",670050
12001,"Alachua, FL",279238
12003,"Baker, FL",28715
12005,"Bay, FL",179168
12007,"Bradford, FL",28540
12009,"Brevard, FL",616628
12011,"Broward, FL",1930983
12013,"Calhoun, FL",13641
12015,"Charlotte, FL",194843
12017,"Citrus, FL",158083
12019,"Clay, FL",222361
12021,"Collier, FL",385980
12023,"Columbia, FL",70385
12027,"DeSoto, FL",34408
12029,"Dixie, FL",17102
12031,"Duval, FL",999935
12033,"Escambia, FL",322390
12035,"Flagler, FL",120932
12037,"Franklin, FL",12572
12039,"Gadsden, FL",43714
12041,"Gilchrist, FL",18360
12043,"Glades, FL",12234
12045,"Gulf, FL",14363
12047,"Hamilton, FL",13993
12049,"Hardee, FL",25425
12051,"Hendry, FL",40313
12053,"Hernando, FL",200638
12055,"Highlands, FL",103296
12057,"Hillsborough, FL",1478194
12059,"Holmes, FL",19784
12061,"Indian River, FL",163662
12063,"Jackson, FL",47694
12065,"Jefferson, FL",14555
12067,"Lafayette, FL",8382
12069,"Lake, FL",395804
12071,"Lee, FL",787976
12073,"Leon, FL",292817
12075,"Levy, FL",44158
12077,"Liberty, FL",7900
12079,"Madison, FL",18288
12081,"Manatee, FL",412703
12083,"Marion, FL",385915
12085,"Martin, FL",159942
12086,"Miami-Dade, FL",2662777
12087,"Monroe, FL",82170
12089,"Nassau, FL",94189
12091,"Okaloosa, FL",213255
12093,"Okeechobee, FL",40266
12095,"Orange, FL",1422746
12097,"Osceola, FL",403282
12099,"Palm Beach, FL",1497987
12101,"Pasco, FL",584067
12103,"Pinellas, FL",956615
12105,"Polk, FL",753520
12107,"Putnam, FL",74167
12109,"St. Johns, FL",292466
12111,"St. Lucie, FL",343579
12113,"Santa Rosa, FL",193998
12115,"Sarasota, FL",447057
12117,"Seminole, FL",470093
12119,"Sumter, FL",135638
12121,"Suwannee, FL",44485
12123,"Taylor, FL",21815
12125,"Union, FL",16335
12127,"Volusia, FL",564412
12129,"Wakulla, FL",34690
12131,"Walton, FL",80069
12133,"Washington, FL",25436
13001,"Appling, GA",18488
13003,"Atkinson, GA",8391
13005,"Bacon, GA",11079
13007,"Baker, GA",2819
13009,"Baldwin, GA",43781
13011,"Banks, GA",18562
13013,"Barrow, GA",86658
13015,"Bartow, GA",110843
13017,"Ben Hill, GA",17158
13019,"Berrien, GA",18147
13021,"Bibb, GA",156762
13023,"Bleckley, GA",12607
13025,"Brantley, GA",18101
13027,"Brooks, GA",16270
13029,"Bryan, GA",46938
13031,"Bulloch, GA",82442
13033,"Burke, GA",24310
13035,"Butts, GA",25781
13037,"Calhoun, GA",5509
13039,"Camden, GA",55664
13043,"Candler, GA",11037
13045,"Carroll, GA",121968
13047,"Catoosa, GA",68397
13049,"Charlton, GA",12766
13051,"Chatham, GA",296329
13053,"Chattahoochee, GA",9048
13055,"Chattooga, GA",24932
13057,"Cherokee, GA",274615
13059,"Clarke, GA",128711
13061,"Clay, GA",2882
13063,"Clayton, GA",297100
13065,"Clinch, GA",6725
13067,"Cobb, GA",766802
13069,"Coffee, GA",43386
13071,"Colquitt, GA",45812
13073,"Columbia, GA",159639
13075,"Cook, GA",17225
13077,"Coweta, GA",149956
13079,"Crawford, GA",12153
13081,"Crisp, GA",19879
13083,"Dade, GA",16326
13085,"Dawson, GA",28497
13087,"Decatur, GA",29038
13089,"DeKalb, GA",757718
13091,"Dodge, GA",19759
13093,"Dooly, GA",10885
13095,"Dougherty, GA",84844
13097,"Douglas, GA",145814
13099,"Early, GA",10619
13101,"Echols, GA",3699
13103,"Effingham, GA",66741
13105,"Elbert, GA",19579
13107,"Emanuel, GA",22716
13109,"Evans, GA",10672
13111,"Fannin, GA",25817
13113,"Fayette, GA",120574
13115,"Floyd, GA",98771
13117,"Forsyth, GA",260206
13119,"Franklin, GA",23785
13121,"Fulton, GA",1065334
13123,"Gilmer, GA",32026
13125,"Glascock, GA",2919
13127,"Glynn, GA",84739
13129,"Gordon, GA",58237
13131,"Grady, GA",25918
13133,"Greene, GA",19536
13135,"Gwinnett, GA",964546
13137,"Habersham, GA",46774
13139,"Hall, GA",207369
13141,"Hancock, GA",8630
13143,"Haralson, GA",30572
13145,"Harris, GA",35626
13147,"Hart, GA",26409
13149,"Heard, GA",11565
13151,"Henry, GA",245235
13153,"Houston, GA",166829
13155,"Irwin, GA",9618
13157,"Jackson, GA",80286
13159,"Jasper, GA",15278
13161,"Jeff Davis, GA",14872
13163,"Jefferson, GA",15524
13165,"Jenkins, GA",8639
13167,"Johnson, GA",9160
13169,"Jones, GA",28400
13171,"Lamar, GA",19080
13173,"Lanier, GA",9907
13175,"Laurens, GA",49547
13177,"Lee, GA",33411
13179,"Liberty, GA",65711
13181,"Lincoln, GA",7749
13183,"Long, GA",17152
13185,"Lowndes, GA",119276
13187,"Lumpkin, GA",34278
13189,"McDuffie, GA",21633
13191,"McIntosh, GA",11123
13193,"Macon, GA",12004
13195,"Madison, GA",30885
13197,"Marion, GA",7440
13199,"Meriwether, GA",20793
13201,"Miller, GA",5919
13205,"Mitchell, GA",21521
13207,"Monroe, GA",28712
13209,"Montgomery, GA",8653
13211,"Morgan, GA",20635
13213,"Murray, GA",39951
13215,"Muscogee, GA",205617
13217,"Newton, GA",115355
13219,"Oconee, GA",43023
13221,"Oglethorpe, GA",15140
13223,"Paulding, GA",173780
13225,"Peach, GA",28417
13227,"Pickens, GA",34024
13229,"Pierce, GA",19976
13231,"Pike, GA",19477
13233,"Polk, GA",43496
13235,"Pulaski, GA",9917
13237,"Putnam, GA",22585
13239,"Quitman, GA",2243
13241,"Rabun, GA",17119
13243,"Randolph, GA",6287
13245,"Richmond, GA",205673
13247,"Rockdale, GA",94082
13249,"Schley, GA",4478
13251,"Screven, GA",14105
13253,"Seminole, GA",9197
13255,"Spalding, GA",67909
13257,"Stephens, GA",26865
13259,"Stewart, GA",5341
13261,"Sumter, GA",29283
13263,"Talbot, GA",5742
13265,"Taliaferro, GA",1558
13267,"Tattnall, GA",23052
13269,"Taylor, GA",7799
13271,"Telfair, GA",12414
13273,"Terrell, GA",8964
13275,"Thomas, GA",45842
13277,"Tift, GA",41212
13279,"Toombs, GA",26911
13281,"Towns, GA",12875
13283,"Treutlen, GA",6306
13285,"Troup, GA",69720
13287,"Turner, GA",8966
13289,"Twiggs, GA",7856
13291,"Union, GA",25521
13293,"Upson, GA",27720
13295,"Walker, GA",68510
13297,"Walton, GA",99853
13299,"Ware, GA",36033
13301,"Warren, GA",5240
13303,"Washington, GA",19785
13305,"Wayne, GA",30380
13307,"Webster, GA",2367
13309,"Wheeler, GA",7471
13311,"White, GA",28442
13313,"Whitfield, GA",102848
13315,"Wilcox, GA",8739
13317,"Wilkes, GA",9513
13319,"Wilkinson, GA",8831
13321,"Worth, GA",20554
15001,"Hawaii, HI",202906
15003,"Honolulu, HI",1000890
15007,"Kauai, HI",73454
15901,"Maui + Kalawao, HI*",164303
16001,"Ada, ID",511931
16003,"Adams, ID",4625
16005,"Bannock, ID",88263
16007,"Bear Lake, ID",6545
16009,"Benewah, ID",9931
16011,"Bingham, ID",48876
16013,"Blaine, ID",24766
16015,"Boise, ID",8094
16017,"Bonner, ID",49491
16019,"Bonneville, ID",127930
16021,"Boundary, ID",12561
16023,"Butte, ID",2654
16025,"Camas, ID",1139
16027,"Canyon, ID",243115
16029,"Caribou, ID",7111
16031,"Cassia, ID",25164
16033,"Clark, ID",792
16035,"Clearwater, ID",8895
16037,"Custer, ID",4428
16039,"Elmore, ID",28827
16041,"Franklin, ID",14666
16043,"Fremont (includes Yellowstone Park), ID",13592
16045,"Gem, ID",19792
16047,"Gooding, ID",15772
16049,"Idaho, ID",17040
16051,"Jefferson, ID",32202
16053,"Jerome, ID",24662
16055,"Kootenai, ID",179789
16057,"Latah, ID",40313
16059,"Lemhi, ID",8162
16061,"Lewis, ID",3715
16063,"Lincoln, ID",5282
16065,"Madison, ID",53881
16067,"Minidoka, ID",21955
16069,"Nez Perce, ID",42454
16071,"Oneida, ID",4611
16073,"Owyhee, ID",12336
16075,"Payette, ID",26350
16077,"Power, ID",7950
16079,"Shoshone, ID",13612
16081,"Teton, ID",12267
16083,"Twin Falls, ID",92243
16085,"Valley, ID",12241
16087,"Washington, ID",10898
17001,"Adams, IL",64954
17003,"Alexander, IL",5030
17005,"Bond, IL",16596
17007,"Boone, IL",53159
17009,"Brown, IL",6421
17011,"Bureau, IL",32883
17013,"Calhoun, IL",4369
17015,"Carroll, IL",15698
17017,"Cass, IL",12773
17019,"Champaign, IL",205943
17021,"Christian, IL",33662
17023,"Clark, IL",15300
17025,"Clay, IL",13143
17027,"Clinton, IL",36793
17029,"Coles, IL",46765
17031,"Cook, IL",5173146
17033,"Crawford, IL",18659
17035,"Cumberland, IL",10345
17037,"DeKalb, IL",100414
17039,"De Witt, IL",15341
17041,"Douglas, IL",19722
17043,"DuPage, IL",924885
17045,"Edgar, IL",16520
17047,"Edwards, IL",6075
17049,"Effingham, IL",34430
17051,"Fayette, IL",21384
17053,"Ford, IL",13511
17055,"Franklin, IL",37442
17057,"Fulton, IL",33197
17059,"Gallatin, IL",4903
17061,"Greene, IL",11843
17063,"Grundy, IL",52989
17065,"Hamilton, IL",7911
17067,"Hancock, IL",17400
17069,"Hardin, IL",3650
17071,"Henderson, IL",6312
17073,"Henry, IL",48907
17075,"Iroquois, IL",26827
17077,"Jackson, IL",52565
17079,"Jasper, IL",9193
17081,"Jefferson, IL",36877
17083,"Jersey, IL",21333
17085,"Jo Daviess, IL",21939
17087,"Johnson, IL",13463
17089,"Kane, IL",515588
17091,"Kankakee, IL",106601
17093,"Kendall, IL",134867
17095,"Knox, IL",49268
17097,"Lake, IL",711239
17099,"LaSalle, IL",108965
17101,"Lawrence, IL",15152
17103,"Lee, IL",34049
17105,"Livingston, IL",35664
17107,"Logan, IL",27992
17109,"McDonough, IL",26828
17111,"McHenry, IL",311122
17113,"McLean, IL",170889
17115,"Macon, IL",102432
17117,"Macoupin, IL",44406
17119,"Madison, IL",264490
17121,"Marion, IL",37390
17123,"Marshall, IL",11663
17125,"Mason, IL",12881
17127,"Massac, IL",13960
17129,"Menard, IL",12164
17131,"Mercer, IL",15582
17133,"Monroe, IL",34932
17135,"Montgomery, IL",28084
17137,"Morgan, IL",32606
17139,"Moultrie, IL",14510
17141,"Ogle, IL",51449
17143,"Peoria, IL",179432
17145,"Perry, IL",20985
17147,"Piatt, IL",16753
17149,"Pike, IL",14618
17151,"Pope, IL",3779
17153,"Pulaski, IL",5065
17155,"Putnam, IL",5566
17157,"Randolph, IL",30142
17159,"Richland, IL",15796
17161,"Rock Island, IL",142909
17163,"St. Clair, IL",254796
17165,"Saline, IL",23320
17167,"Sangamon, IL",194734
17169,"Schuyler, IL",6843
17171,"Scott, IL",4836
17173,"Shelby, IL",20789
17175,"Stark, IL",5294
17177,"Stephenson, IL",44021
17179,"Tazewell, IL",130413
17181,"Union, IL",16923
17183,"Vermilion, IL",73095
17185,"Wabash, IL",11202
17187,"Warren, IL",16531
17189,"Washington, IL",13655
17191,"Wayne, IL",15963
17193,"White, IL",13784
17195,"Whiteside, IL",55305
17197,"Will, IL",697252
17199,"Williamson, IL",66879
17201,"Winnebago, IL",283119
17203,"Woodford, IL",38225
18001,"Adams, IN",35961
18003,"Allen, IN",388608
18005,"Bartholomew, IN",82475
18007,"Benton, IN",8714
18009,"Blackford, IN",12091
18011,"Boone, IN",73052
18013,"Brown, IN",15552
18015,"Carroll, IN",20444
18017,"Cass, IN",37563
18019,"Clark, IN",122738
18021,"Clay, IN",26410
18023,"Clinton, IN",33065
18025,"Crawford, IN",10514
18027,"Daviess, IN",33397
18029,"Dearborn, IN",50816
18031,"Decatur, IN",26320
18033,"DeKalb, IN",43333
18035,"Delaware, IN",111871
18037,"Dubois, IN",43549
18039,"Elkhart, IN",206921
18041,"Fayette, IN",23360
18043,"Floyd, IN",80454
18045,"Fountain, IN",16427
18047,"Franklin, IN",22842
18049,"Fulton, IN",20386
18051,"Gibson, IN",32924
18053,"Grant, IN",66263
18055,"Greene, IN",30786
18057,"Hamilton, IN",356650
18059,"Hancock, IN",81789
18061,"Harrison, IN",39761
18063,"Hendricks, IN",179355
18065,"Henry, IN",48935
18067,"Howard, IN",83687
18069,"Huntington, IN",36717
18071,"Jackson, IN",46067
18073,"Jasper, IN",33091
18075,"Jay, IN",20248
18077,"Jefferson, IN",33141
18079,"Jennings, IN",27409
18081,"Johnson, IN",164298
18083,"Knox, IN",35956
18085,"Kosciusko, IN",80106
18087,"Lagrange, IN",40524
18089,"Lake, IN",498558
18091,"LaPorte, IN",112390
18093,"Lawrence, IN",45070
18095,"Madison, IN",130782
18097,"Marion, IN",971102
18099,"Marshall, IN",46121
18101,"Martin, IN",9780
18103,"Miami, IN",36081
18105,"Monroe, IN",139875
18107,"Montgomery, IN",38063
18109,"Morgan, IN",72206
18111,"Newton, IN",13808
18113,"Noble, IN",47227
18115,"Ohio, IN",5978
18117,"Orange, IN",19830
18119,"Owen, IN",21446
18121,"Parke, IN",16407
18123,"Perry, IN",19316
18125,"Pike, IN",12144
18127,"Porter, IN",174243
18129,"Posey, IN",25116
18131,"Pulaski, IN",12339
18133,"Putnam, IN",36979
18135,"Randolph, IN",24387
18137,"Ripley, IN",29081
18139,"Rush, IN",16672
18141,"St. Joseph, IN",272212
18143,"Scott, IN",24355
18145,"Shelby, IN",45039
18147,"Spencer, IN",19798
18149,"Starke, IN",23372
18151,"Steuben, IN",34632
18153,"Sullivan, IN",20758
18155,"Switzerland, IN",9790
18157,"Tippecanoe, IN",187076
18159,"Tipton, IN",15372
18161,"Union, IN",7047
18163,"Vanderburgh, IN",179987
18165,"Vermillion, IN",15341
18167,"Vigo, IN",105994
18169,"Wabash, IN",30816
18171,"Warren, IN",8475
18173,"Warrick, IN",64514
18175,"Washington, IN",28102
18177,"Wayne, IN",66456
18179,"Wells, IN",28197
18181,"White, IN",24651
18183,"Whitley, IN",34430
19001,"Adair, IA",7541
19003,"Adams, IA",3641
19005,"Allamakee, IA",13926
19007,"Appanoose, IA",12257
19009,"Audubon, IA",5635
19011,"Benton, IA",25691
19013,"Black Hawk, IA",130368
19015,"Boone, IA",26723
19017,"Bremer, IA",25081
19019,"Buchanan, IA",20657
19021,"Buena Vista, IA",20771
19023,"Butler, IA",14332
19025,"Calhoun, IA",9915
19027,"Carroll, IA",20692
19029,"Cass, IA",13050
19031,"Cedar, IA",18410
19033,"Cerro Gordo, IA",42706
19035,"Cherokee, IA",11503
19037,"Chickasaw, IA",11887
19039,"Clarke, IA",9785
19041,"Clay, IA",16440
19043,"Clayton, IA",16998
19045,"Clinton, IA",46463
19047,"Crawford, IA",16193
19049,"Dallas, IA",103796
19051,"Davis, IA",9138
19053,"Decatur, IA",7659
19055,"Delaware, IA",17510
19057,"Des Moines, IA",38491
19059,"Dickinson, IA",17851
19061,"Dubuque, IA",98718
19063,"Emmet, IA",9321
19065,"Fayette, IA",19258
19067,"Floyd, IA",15413
19069,"Franklin, IA",9952
19071,"Fremont, IA",6567
19073,"Greene, IA",8717
19075,"Grundy, IA",12347
19077,"Guthrie, IA",10567
19079,"Hamilton, IA",14887
19081,"Hancock, IA",10663
19083,"Hardin, IA",16708
19085,"Harrison, IA",14669
19087,"Henry, IA",20387
19089,"Howard, IA",9478
19091,"Humboldt, IA",9634
19093,"Ida, IA",6956
19095,"Iowa, IA",16568
19097,"Jackson, IA",19368
19099,"Jasper, IA",37764
19101,"Jefferson, IA",15647
19103,"Johnson, IA",154748
19105,"Jones, IA",20805
19107,"Keokuk, IA",9914
19109,"Kossuth, IA",14529
19111,"Lee, IA",33215
19113,"Linn, IA",228939
19115,"Louisa, IA",10749
19117,"Lucas, IA",8710
19119,"Lyon, IA",12011
19121,"Madison, IA",16773
19123,"Mahaska, IA",21984
19125,"Marion, IA",33380
19127,"Marshall, IA",39853
19129,"Mills, IA",14465
19131,"Mitchell, IA",10555
19133,"Monona, IA",8574
19135,"Monroe, IA",7610
19137,"Montgomery, IA",10322
19139,"Muscatine, IA",42688
19141,"O'Brien, IA",14015
19143,"Osceola, IA",6159
19145,"Page, IA",15197
19147,"Palo Alto, IA",8906
19149,"Plymouth, IA",25650
19151,"Pocahontas, IA",7074
19153,"Polk, IA",496844
19155,"Pottawattamie, IA",93304
19157,"Poweshiek, IA",18586
19159,"Ringgold, IA",4639
19161,"Sac, IA",9752
19163,"Scott, IA",174170
19165,"Shelby, IA",11770
19167,"Sioux, IA",35893
19169,"Story, IA",99472
19171,"Tama, IA",16867
19173,"Taylor, IA",5868
19175,"Union, IA",12018
19177,"Van Buren, IA",7243
19179,"Wapello, IA",35256
19181,"Warren, IA",53402
19183,"Washington, IA",22491
19185,"Wayne, IA",6508
19187,"Webster, IA",37147
19189,"Winnebago, IA",10656
19191,"Winneshiek, IA",19892
19193,"Woodbury, IA",105607
19195,"Worth, IA",7385
19197,"Wright, IA",12785
20001,"Allen, KS",12464
20003,"Anderson, KS",7778
20005,"Atchison, KS",16239
20007,"Barber, KS",4110
20009,"Barton, KS",25216
20011,"Bourbon, KS",14323
20013,"Brown, KS",9455
20015,"Butler, KS",67889
20017,"Chase, KS",2598
20019,"Chautauqua, KS",3395
20021,"Cherokee, KS",19130
20023,"Cheyenne, KS",2633
20025,"Clark, KS",1977
20027,"Clay, KS",8077
20029,"Cloud, KS",8928
20031,"Coffey, KS",8338
20033,"Comanche, KS",1670
20035,"Cowley, KS",34496
20037,"Crawford, KS",39110
20039,"Decatur, KS",2751
20041,"Dickinson, KS",18459
20043,"Doniphan, KS",7471
20045,"Douglas, KS",119363
20047,"Edwards, KS",2832
20049,"Elk, KS",2441
20051,"Ellis, KS",28790
20053,"Ellsworth, KS",6336
20055,"Finney, KS",38107
20057,"Ford, KS",34159
20059,"Franklin, KS",25986
20061,"Geary, KS",35934
20063,"Gove, KS",2755
20065,"Graham, KS",2400
20067,"Grant, KS",7324
20069,"Gray, KS",5644
20071,"Greeley, KS",1304
20073,"Greenwood, KS",5939
20075,"Hamilton, KS",2484
20077,"Harper, KS",5331
20079,"Harvey, KS",33817
20081,"Haskell, KS",3668
20083,"Hodgeman, KS",1710
20085,"Jackson, KS",13261
20087,"Jefferson, KS",18411
20089,"Jewell, KS",2937
20091,"Johnson, KS",613219
20093,"Kearny, KS",3891
20095,"Kingman, KS",7392
20097,"Kiowa, KS",2392
20099,"Labette, KS",19912
20101,"Lane, KS",1565
20103,"Leavenworth, KS",82184
20105,"Lincoln, KS",2903
20107,"Linn, KS",9747
20109,"Logan, KS",2722
20111,"Lyon, KS",31998
20113,"McPherson, KS",30146
20115,"Marion, KS",11712
20117,"Marshall, KS",9979
20119,"Meade, KS",4022
20121,"Miami, KS",34593
20123,"Mitchell, KS",5748
20125,"Montgomery, KS",31156
20127,"Morris, KS",5356
20129,"Morton, KS",2692
20131,"Nemaha, KS",10216
20133,"Neosho, KS",15784
20135,"Ness, KS",2672
20137,"Norton, KS",5342
20139,"Osage, KS",15768
20141,"Osborne, KS",3498
20143,"Ottawa, KS",5838
20145,"Pawnee, KS",6225
20147,"Phillips, KS",4815
20149,"Pottawatomie, KS",25790
20151,"Pratt, KS",9181
20153,"Rawlins, KS",2549
20155,"Reno, KS",61414
20157,"Republic, KS",4662
20159,"Rice, KS",9390
20161,"Riley, KS",72208
20163,"Rooks, KS",4831
20165,"Rush, KS",2953
20167,"Russell, KS",6703
20169,"Saline, KS",53888
20171,"Scott, KS",5131
20173,"Sedgwick, KS",523828
20175,"Seward, KS",21747
20177,"Shawnee, KS",178264
20179,"Sheridan, KS",2478
20181,"Sherman, KS",5895
20183,"Smith, KS",3576
20185,"Stafford, KS",4034
20187,"Stanton, KS",2044
20189,"Stevens, KS",5293
20191,"Sumner, KS",22385
20193,"Thomas, KS",7877
20195,"Trego, KS",2793
20197,"Wabaunsee, KS",6966
20199,"Wallace, KS",1508
20201,"Washington, KS",5511
20203,"Wichita, KS",2082
20205,"Wilson, KS",8526
20207,"Woodson, KS",3102
20209,"Wyandotte, KS",167046
21001,"Adair, KY",18932
21003,"Allen, KY",20797
21005,"Anderson, KY",24035
21007,"Ballard, KY",7695
21009,"Barren, KY",44544
21011,"Bath, KY",12778
21013,"Bell, KY",23858
21015,"Boone, KY",137412
21017,"Bourbon, KY",20229
21019,"Boyd, KY",47899
21021,"Boyle, KY",30747
21023,"Bracken, KY",8439
21025,"Breathitt, KY",13553
21027,"Breckinridge, KY",20651
21029,"Bullitt, KY",82918
21031,"Butler, KY",12294
21033,"Caldwell, KY",12624
21035,"Calloway, KY",37560
21037,"Campbell, KY",93050
21039,"Carlisle, KY",4791
21041,"Carroll, KY",10863
21043,"Carter, KY",26412
21045,"Casey, KY",15866
21047,"Christian, KY",72357
21049,"Clark, KY",36871
21051,"Clay, KY",20206
21053,"Clinton, KY",9265
21055,"Crittenden, KY",8947
21057,"Cumberland, KY",5879
21059,"Daviess, KY",103063
21061,"Edmonson, KY",12291
21063,"Elliott, KY",7381
21065,"Estill, KY",14092
21067,"Fayette, KY",321793
21069,"Fleming, KY",15224
21071,"Floyd, KY",35274
21073,"Franklin, KY",51682
21075,"Fulton, KY",6512
21077,"Gallatin, KY",8775
21079,"Garrard, KY",17362
21081,"Grant, KY",25244
21083,"Graves, KY",36615
21085,"Grayson, KY",26524
21087,"Green, KY",11291
21089,"Greenup, KY",35649
21091,"Hancock, KY",9064
21093,"Hardin, KY",111607
21095,"Harlan, KY",26164
21097,"Harrison, KY",18950
21099,"Hart, KY",19460
21101,"Henderson, KY",44329
21103,"Henry, KY",15657
21105,"Hickman, KY",4424
21107,"Hopkins, KY",45138
21109,"Jackson, KY",12984
21111,"Jefferson, KY",777874
21113,"Jessamine, KY",53626
21115,"Johnson, KY",22556
21117,"Kenton, KY",169495
21119,"Knott, KY",14053
21121,"Knox, KY",29909
21123,"Larue, KY",15028
21125,"Laurel, KY",62561
21127,"Lawrence, KY",16290
21129,"Lee, KY",7451
21131,"Leslie, KY",10278
21133,"Letcher, KY",21253
21135,"Lewis, KY",12987
21137,"Lincoln, KY",24243
21139,"Livingston, KY",8959
21141,"Logan, KY",27771
21143,"Lyon, KY",8803
21145,"McCracken, KY",67454
21147,"McCreary, KY",16892
21149,"McLean, KY",9100
21151,"Madison, KY",94666
21153,"Magoffin, KY",11497
21155,"Marion, KY",19725
21157,"Marshall, KY",31748
21159,"Martin, KY",11140
21161,"Mason, KY",16931
21163,"Meade, KY",30131
21165,"Menifee, KY",6194
21167,"Mercer, KY",22850
21169,"Metcalfe, KY",10349
21171,"Monroe, KY",11233
21173,"Montgomery, KY",28219
21175,"Morgan, KY",13820
21177,"Muhlenberg, KY",30694
21179,"Nelson, KY",47098
21181,"Nicholas, KY",7712
21183,"Ohio, KY",23688
21185,"Oldham, KY",68685
21187,"Owen, KY",11294
21189,"Owsley, KY",3953
21191,"Pendleton, KY",14607
21193,"Perry, KY",27929
21195,"Pike, KY",57391
21197,"Powell, KY",13133
21199,"Pulaski, KY",65423
21201,"Robertson, KY",2257
21203,"Rockcastle, KY",16115
21205,"Rowan, KY",24861
21207,"Russell, KY",18156
21209,"Scott, KY",58252
21211,"Shelby, KY",48461
21213,"Simpson, KY",19718
21215,"Spencer, KY",19916
21217,"Taylor, KY",26235
21219,"Todd, KY",12285
21221,"Trigg, KY",14192
21223,"Trimble, KY",8530
21225,"Union, KY",13544
21227,"Warren, KY",137212
21229,"Washington, KY",12072
21231,"Wayne, KY",19540
21233,"Webster, KY",12813
21235,"Whitley, KY",36939
21237,"Wolfe, KY",6507
21239,"Woodford, KY",27075
22001,"Acadia, LA",57288
22003,"Allen, LA",22687
22005,"Ascension, LA",128369
22007,"Assumption, LA",20689
22009,"Avoyelles, LA",39236
22011,"Beauregard, LA",36584
22013,"Bienville, LA",12776
22015,"Bossier, LA",129144
22017,"Caddo, LA",233092
22019,"Calcasieu, LA",205282
22021,"Caldwell, LA",9571
22023,"Cameron, LA",5080
22025,"Catahoula, LA",8805
22027,"Claiborne, LA",14038
22029,"Concordia, LA",18376
22031,"De Soto, LA",26919
22033,"East Baton Rouge, LA",453301
22035,"East Carroll, LA",7220
22037,"East Feliciana, LA",19338
22039,"Evangeline, LA",32215
22041,"Franklin, LA",19668
22043,"Grant, LA",22236
22045,"Iberia, LA",68975
22047,"Iberville, LA",29824
22049,"Jackson, LA",14876
22051,"Jefferson, LA",433688
22053,"Jefferson Davis, LA",32345
22055,"Lafayette, LA",244205
22057,"Lafourche, LA",97504
22059,"LaSalle, LA",14834
22061,"Lincoln, LA",48152
22063,"Livingston, LA",145830
22065,"Madison, LA",9799
22067,"Morehouse, LA",25025
22069,"Natchitoches, LA",37026
22071,"Orleans, LA",376971
22073,"Ouachita, LA",158768
22075,"Plaquemines, LA",23303
22077,"Pointe Coupee, LA",20356
22079,"Rapides, LA",128654
22081,"Red River, LA",7564
22083,"Richland, LA",19805
22085,"Sabine, LA",22135
22087,"St. Bernard, LA",44258
22089,"St. Charles, LA",52282
22091,"St. Helena, LA",10912
22093,"St. James, LA",19742
22095,"St. John the Baptist, LA",42094
22097,"St. Landry, LA",82071
22099,"St. Martin, LA",51540
22101,"St. Mary, LA",48232
22103,"St. Tammany, LA",269388
22105,"Tangipahoa, LA",135217
22107,"Tensas, LA",4043
22109,"Terrebonne, LA",108708
22111,"Union, LA",21091
22113,"Vermilion, LA",57204
22115,"Vernon, LA",48027
22117,"Washington, LA",45133
22119,"Webster, LA",36184
22121,"West Baton Rouge, LA",27792
22123,"West Carroll, LA",9594
22125,"West Feliciana, LA",15494
22127,"Winn, LA",13488
23001,"Androscoggin, ME",111034
23003,"Aroostook, ME",66859
23005,"Cumberland, ME",305231
23007,"Franklin, ME",29687
23009,"Hancock, ME",56192
23011,"Kennebec, ME",124486
23013,"Knox, ME",41084
23015,"Lincoln, ME",35828
23017,"Oxford, ME",58629
23019,"Penobscot, ME",152765
23021,"Piscataquis, ME",17165
23023,"Sagadahoc, ME",37071
23025,"Somerset, ME",50592
23027,"Waldo, ME",39912
23029,"Washington, ME",31121
23031,"York, ME",214591
24001,"Allegany, MD",67729
24003,"Anne Arundel, MD",590336
24005,"Baltimore, MD",849316
24009,"Calvert, MD",93928
24011,"Caroline, MD",33386
24013,"Carroll, MD",173873
24015,"Cecil, MD",103905
24017,"Charles, MD",168698
24019,"Dorchester, MD",32489
24021,"Frederick, MD",279835
24023,"Garrett, MD",28702
24025,"Harford, MD",262977
24027,"Howard, MD",334529
24029,"Kent, MD",19270
24031,"Montgomery, MD",1054827
24033,"Prince George's, MD",955306
24035,"Queen Anne's, MD",50798
24037,"St. Mary's, MD",114468
24039,"Somerset, MD",24584
24041,"Talbot, MD",37626
24043,"Washington, MD",154937
24045,"Wicomico, MD",103980
24047,"Worcester, MD",53132
24510,"Baltimore (Independent City), MD",576498
25001,"Barnstable, MA",232411
25003,"Berkshire, MA",128657
25005,"Bristol, MA",580164
25007,"Dukes, MA",21097
25009,"Essex, MA",807074
25011,"Franklin, MA",71015
25013,"Hampden, MA",462718
25015,"Hampshire, MA",161572
25017,"Middlesex, MA",1614742
25019,"Nantucket, MA",14491
25021,"Norfolk, MA",724505
25023,"Plymouth, MA",533003
25025,"Suffolk, MA",771245
25027,"Worcester, MA",862029
26001,"Alcona, MI",10235
26003,"Alger, MI",8821
26005,"Allegan, MI",120950
26007,"Alpena, MI",28893
26009,"Antrim, MI",23813
26011,"Arenac, MI",14975
26013,"Baraga, MI",8215
26015,"Barry, MI",62992
26017,"Bay, MI",102985
26019,"Benzie, MI",18223
26021,"Berrien, MI",153101
26023,"Branch, MI",44985
26025,"Calhoun, MI",133819
26027,"Cass, MI",51483
26029,"Charlevoix, MI",26086
26031,"Cheboygan, MI",25752
26033,"Chippewa, MI",36816
26035,"Clare, MI",31065
26037,"Clinton, MI",79426
26039,"Crawford, MI",13204
26041,"Delta, MI",36826
26043,"Dickinson, MI",25787
26045,"Eaton, MI",108944
26047,"Emmet, MI",34225
26049,"Genesee, MI",404208
26051,"Gladwin, MI",25485
26053,"Gogebic, MI",14361
26055,"Grand Traverse, MI",95860
26057,"Gratiot, MI",41544
26059,"Hillsdale, MI",45546
26061,"Houghton, MI",37313
26063,"Huron, MI",31252
26065,"Ingham, MI",284034
26067,"Ionia, MI",67197
26069,"Iosco, MI",25369
26071,"Iron, MI",11635
26073,"Isabella, MI",64813
26075,"Jackson, MI",160050
26077,"Kalamazoo, MI",261108
26079,"Kalkaska, MI",17979
26081,"Kent, MI",658046
26083,"Keweenaw, MI",2107
26085,"Lake, MI",12308
26087,"Lapeer, MI",88513
26089,"Leelanau, MI",22623
26091,"Lenawee, MI",98956
26093,"Livingston, MI",195014
26095,"Luce, MI",5309
26097,"Mackinac, MI",10906
26099,"Macomb, MI",876792
26101,"Manistee, MI",25350
26103,"Marquette, MI",66103
26105,"Mason, MI",29383
26107,"Mecosta, MI",40031
26109,"Menominee, MI",23299
26111,"Midland, MI",83457
26113,"Missaukee, MI",15130
26115,"Monroe, MI",155274
26117,"Montcalm, MI",67220
26119,"Montmorency, MI",9297
26121,"Muskegon, MI",176511
26123,"Newaygo, MI",50296
26125,"Oakland, MI",1270017
26127,"Oceana, MI",26815
26129,"Ogemaw, MI",20726
26131,"Ontonagon, MI",5868
26133,"Osceola, MI",23105
26135,"Oscoda, MI",8311
26137,"Otsego, MI",25289
26139,"Ottawa, MI",299157
26141,"Presque Isle, MI",13093
26143,"Roscommon, MI",23633
26145,"Saginaw, MI",189591
26147,"St. Clair, MI",160053
26149,"St. Joseph, MI",60758
26151,"Sanilac, MI",40506
26153,"Schoolcraft, MI",8030
26155,"Shiawassee, MI",67877
26157,"Tuscola, MI",52917
26159,"Van Buren, MI",75658
26161,"Washtenaw, MI",369390
26163,"Wayne, MI",1774816
26165,"Wexford, MI",33901
27001,"Aitkin, MN",15887
27003,"Anoka, MN",367018
27005,"Becker, MN",35219
27007,"Beltrami, MN",46380
27009,"Benton, MN",41459
27011,"Big Stone, MN",5145
27013,"Blue Earth, MN",69280
27015,"Brown, MN",25819
27017,"Carlton, MN",36409
27019,"Carver, MN",108626
27021,"Cass, MN",30639
27023,"Chippewa, MN",12357
27025,"Chisago, MN",57469
27027,"Clay, MN",65574
27029,"Clearwater, MN",8576
27031,"Cook, MN",5617
27033,"Cottonwood, MN",11569
27035,"Crow Wing, MN",67270
27037,"Dakota, MN",442038
27039,"Dodge, MN",20935
27041,"Douglas, MN",39238
27043,"Faribault, MN",13909
27045,"Fillmore, MN",21271
27047,"Freeborn, MN",30749
27049,"Goodhue, MN",47968
27051,"Grant, MN",6153
27053,"Hennepin, MN",1267416
27055,"Houston, MN",18778
27057,"Hubbard, MN",21715
27059,"Isanti, MN",41906
27061,"Itasca, MN",45070
27063,"Jackson, MN",9990
27065,"Kanabec, MN",16159
27067,"Kandiyohi, MN",43767
27069,"Kittson, MN",4146
27071,"Koochiching, MN",11941
27073,"Lac qui Parle, MN",6684
27075,"Lake, MN",10986
27077,"Lake of the Woods, MN",3823
27079,"Le Sueur, MN",28841
27081,"Lincoln, MN",5567
27083,"Lyon, MN",25231
27085,"McLeod, MN",36735
27087,"Mahnomen, MN",5414
27089,"Marshall, MN",8988
27091,"Martin, MN",19915
27093,"Meeker, MN",23376
27095,"Mille Lacs, MN",26867
27097,"Morrison, MN",33992
27099,"Mower, MN",40158
27101,"Murray, MN",8144
27103,"Nicollet, MN",34332
27105,"Nobles, MN",21991
27107,"Norman, MN",6416
27109,"Olmsted, MN",163436
27111,"Otter Tail, MN",60046
27113,"Pennington, MN",13780
27115,"Pine, MN",29302
27117,"Pipestone, MN",9313
27119,"Polk, MN",30757
27121,"Pope, MN",11403
27123,"Ramsey, MN",543257
27125,"Red Lake, MN",3933
27127,"Redwood, MN",15366
27129,"Renville, MN",14608
27131,"Rice, MN",67262
27133,"Rock, MN",9680
27135,"Roseau, MN",15258
27137,"St. Louis, MN",199182
27139,"Scott, MN",153268
27141,"Sherburne, MN",99074
27143,"Sibley, MN",14917
27145,"Stearns, MN",158947
27147,"Steele, MN",37349
27149,"Stevens, MN",9700
27151,"Swift, MN",9749
27153,"Todd, MN",25237
27155,"Traverse, MN",3286
27157,"Wabasha, MN",21509
27159,"Wadena, MN",14177
27161,"Waseca, MN",19000
27163,"Washington, MN",272256
27165,"Watonwan, MN",11135
27167,"Wilkin, MN",6395
27169,"Winona, MN",49630
27171,"Wright, MN",144845
27173,"Yellow Medicine, MN",9411
28001,"Adams, MS",28742
28003,"Alcorn, MS",34349
28005,"Amite, MS",12637
28007,"Attala, MS",17742
28009,"Benton, MS",7646
28011,"Bolivar, MS",30308
28013,"Calhoun, MS",13018
28015,"Carroll, MS",9879
28017,"Chickasaw, MS",17011
28019,"Choctaw, MS",8106
28021,"Claiborne, MS",8908
28023,"Clarke, MS",15421
28025,"Clay, MS",18535
28027,"Coahoma, MS",20810
28029,"Copiah, MS",27995
28031,"Covington, MS",18279
28033,"DeSoto, MS",188633
28035,"Forrest, MS",77875
28037,"Franklin, MS",7676
28039,"George, MS",24762
28041,"Greene, MS",13630
28043,"Grenada, MS",21365
28045,"Hancock, MS",46055
28047,"Harrison, MS",209396
28049,"Hinds, MS",222679
28051,"Holmes, MS",16496
28053,"Humphreys, MS",7551
28055,"Issaquena, MS",1280
28057,"Itawamba, MS",23838
28059,"Jackson, MS",143987
28061,"Jasper, MS",16291
28063,"Jefferson, MS",7205
28065,"Jefferson Davis, MS",11134
28067,"Jones, MS",66744
28069,"Kemper, MS",8829
28071,"Lafayette, MS",56884
28073,"Lamar, MS",65353
28075,"Lauderdale, MS",72088
28077,"Lawrence, MS",11812
28079,"Leake, MS",21196
28081,"Lee, MS",82883
28083,"Leflore, MS",27557
28085,"Lincoln, MS",34943
28087,"Lowndes, MS",58150
28089,"Madison, MS",109813
28091,"Marion, MS",24378
28093,"Marshall, MS",33725
28095,"Monroe, MS",33883
28097,"Montgomery, MS",9729
28099,"Neshoba, MS",28993
28101,"Newton, MS",21056
28103,"Noxubee, MS",10123
28105,"Oktibbeha, MS",51842
28107,"Panola, MS",32851
28109,"Pearl River, MS",56503
28111,"Perry, MS",11571
28113,"Pike, MS",39973
28115,"Pontotoc, MS",31445
28117,"Prentiss, MS",24996
28119,"Quitman, MS",5935
28121,"Rankin, MS",158096
28123,"Scott, MS",27598
28125,"Sharkey, MS",3663
28127,"Simpson, MS",25750
28129,"Smith, MS",14191
28131,"Stone, MS",18644
28133,"Sunflower, MS",25402
28135,"Tallahatchie, MS",12366
28137,"Tate, MS",28234
28139,"Tippah, MS",21635
28141,"Tishomingo, MS",18750
28143,"Tunica, MS",9696
28145,"Union, MS",27953
28147,"Walthall, MS",13836
28149,"Warren, MS",43579
28151,"Washington, MS",43687
28153,"Wayne, MS",19709
28155,"Webster, MS",9983
28157,"Wilkinson, MS",8315
28159,"Winston, MS",17596
28161,"Yalobusha, MS",12415
28163,"Yazoo, MS",26373
29001,"Adair, MO",25185
29003,"Andrew, MO",18002
29005,"Atchison, MO",5234
29007,"Audrain, MO",24982
29009,"Barry, MO",34712
29011,"Barton, MO",11658
29013,"Bates, MO",16105
29015,"Benton, MO",19908
29017,"Bollinger, MO",10556
29019,"Boone, MO",185840
29021,"Buchanan, MO",83853
29023,"Butler, MO",42101
29025,"Caldwell, MO",8897
29027,"Callaway, MO",44638
29029,"Camden, MO",43436
29031,"Cape Girardeau, MO",82113
29033,"Carroll, MO",8376
29035,"Carter, MO",5320
29037,"Cass, MO",109638
29039,"Cedar, MO",14496
29041,"Chariton, MO",7356
29043,"Christian, MO",91499
29045,"Clark, MO",6736
29047,"Clay, MO",255518
29049,"Clinton, MO",21287
29051,"Cole, MO",77205
29053,"Cooper, MO",17115
29055,"Crawford, MO",22807
29057,"Dade, MO",7599
29059,"Dallas, MO",17341
29061,"Daviess, MO",8399
29063,"DeKalb, MO",11098
29065,"Dent, MO",14432
29067,"Douglas, MO",11732
29069,"Dunklin, MO",27717
29071,"Franklin, MO",105231
29073,"Gasconade, MO",14791
29075,"Gentry, MO",6173
29077,"Greene, MO",300865
29079,"Grundy, MO",9720
29081,"Harrison, MO",8164
29083,"Henry, MO",22206
29085,"Hickory, MO",8607
29087,"Holt, MO",4226
29089,"Howard, MO",10168
29091,"Howell, MO",39975
29093,"Iron, MO",9408
29095,"Jackson, MO",716862
29097,"Jasper, MO",123155
29099,"Jefferson, MO",227771
29101,"Johnson, MO",54150
29103,"Knox, MO",3808
29105,"Laclede, MO",36133
29107,"Lafayette, MO",32817
29109,"Lawrence, MO",38321
29111,"Lewis, MO",10000
29113,"Lincoln, MO",61586
29115,"Linn, MO",11843
29117,"Livingston, MO",14755
29119,"McDonald, MO",23383
29121,"Macon, MO",15183
29123,"Madison, MO",12652
29125,"Maries, MO",8406
29127,"Marion, MO",28518
29129,"Mercer, MO",3488
29131,"Miller, MO",24909
29133,"Mississippi, MO",12538
29135,"Moniteau, MO",15484
29137,"Monroe, MO",8712
29139,"Montgomery, MO",11415
29141,"Morgan, MO",21379
29143,"New Madrid, MO",16035
29145,"Newton, MO",59386
29147,"Nodaway, MO",21160
29149,"Oregon, MO",8631
29151,"Osage, MO",13379
29153,"Ozark, MO",8782
29155,"Pemiscot, MO",15236
29157,"Perry, MO",18922
29159,"Pettis, MO",43188
29161,"Phelps, MO",44937
29163,"Pike, MO",17761
29165,"Platte, MO",108569
29167,"Polk, MO",32043
29169,"Pulaski, MO",53816
29171,"Putnam, MO",4712
29173,"Ralls, MO",10361
29175,"Randolph, MO",24760
29177,"Ray, MO",23008
29179,"Reynolds, MO",6087
29181,"Ripley, MO",10617
29183,"St. Charles, MO",409981
29185,"St. Clair, MO",9376
29186,"Ste. Genevieve, MO",18588
29187,"St. Francois, MO",67541
29189,"St. Louis, MO",997187
29195,"Saline, MO",23289
29197,"Schuyler, MO",4025
29199,"Scotland, MO",4693
29201,"Scott, MO",37840
29203,"Shannon, MO",7106
29205,"Shelby, MO",5976
29207,"Stoddard, MO",28479
29209,"Stone, MO",31548
29211,"Sullivan, MO",5934
29213,"Taney, MO",56387
29215,"Texas, MO",24987
29217,"Vernon, MO",19595
29219,"Warren, MO",36518
29221,"Washington, MO",23502
29223,"Wayne, MO",10914
29225,"Webster, MO",39735
29227,"Worth, MO",1983
29229,"Wright, MO",18610
29510,"St. Louis (Independent City), MO",293310
30001,"Beaverhead, MT",9524
30003,"Big Horn, MT",12957
30005,"Blaine, MT",6980
30007,"Broadwater, MT",7288
30009,"Carbon, MT",10847
30011,"Carter, MT",1428
30013,"Cascade, MT",84511
30015,"Chouteau, MT",5916
30017,"Custer, MT",11916
30019,"Daniels, MT",1686
30021,"Dawson, MT",8904
30023,"Deer Lodge, MT",9491
30025,"Fallon, MT",3017
30027,"Fergus, MT",11617
30029,"Flathead, MT",108454
30031,"Gallatin, MT",122713
30033,"Garfield, MT",1209
30035,"Glacier, MT",13785
30037,"Golden Valley, MT",831
30039,"Granite, MT",3344
30041,"Hill, MT",16179
30043,"Jefferson, MT",12470
30045,"Judith Basin, MT",2044
30047,"Lake, MT",32033
30049,"Lewis and Clark, MT",72223
30051,"Liberty, MT",1946
30053,"Lincoln, MT",20525
30055,"McCone, MT",1718
30057,"Madison, MT",8917
30059,"Meagher, MT",1964
30061,"Mineral, MT",4860
30063,"Missoula, MT",119533
30065,"Musselshell, MT",4896
30067,"Park, MT",17473
30069,"Petroleum, MT",519
30071,"Phillips, MT",4192
30073,"Pondera, MT",5994
30075,"Powder River, MT",1702
30077,"Powell, MT",6999
30079,"Prairie, MT",1091
30081,"Ravalli, MT",45959
30083,"Richland, MT",11283
30085,"Roosevelt, MT",10821
30087,"Rosebud, MT",8124
30089,"Sanders, MT",12959
30091,"Sheridan, MT",3527
30093,"Silver Bow, MT",35411
30095,"Stillwater, MT",9044
30097,"Sweet Grass, MT",3723
30099,"Teton, MT",6269
30101,"Toole, MT",5011
30103,"Treasure, MT",768
30105,"Valley, MT",7537
30107,"Wheatland, MT",2059
30109,"Wibaux, MT",934
30111,"Yellowstone, MT",167146
31001,"Adams, NE",31027
31003,"Antelope, NE",6279
31005,"Arthur, NE",439
31007,"Banner, NE",692
31009,"Blaine, NE",461
31011,"Boone, NE",5386
31013,"Box Butte, NE",10604
31015,"Boyd, NE",1789
31017,"Brown, NE",2908
31019,"Buffalo, NE",50339
31021,"Burt, NE",6709
31023,"Butler, NE",8444
31025,"Cass, NE",27017
31027,"Cedar, NE",8330
31029,"Chase, NE",3826
31031,"Cherry, NE",5458
31033,"Cheyenne, NE",9529
31035,"Clay, NE",6078
31037,"Colfax, NE",10498
31039,"Cuming, NE",8984
31041,"Custer, NE",10460
31043,"Dakota, NE",21241
31045,"Dawes, NE",8148
31047,"Dawson, NE",23898
31049,"Deuel, NE",1865
31051,"Dixon, NE",5545
31053,"Dodge, NE",37103
31055,"Douglas, NE",585008
31057,"Dundy, NE",1635
31059,"Fillmore, NE",5546
31061,"Franklin, NE",2903
31063,"Frontier, NE",2555
31065,"Furnas, NE",4604
31067,"Gage, NE",21616
31069,"Garden, NE",1847
31071,"Garfield, NE",1839
31073,"Gosper, NE",1824
31075,"Grant, NE",579
31077,"Greeley, NE",2169
31079,"Hall, NE",61979
31081,"Hamilton, NE",9386
31083,"Harlan, NE",3091
31085,"Hayes, NE",843
31087,"Hitchcock, NE",2586
31089,"Holt, NE",10049
31091,"Hooker, NE",734
31093,"Howard, NE",6531
31095,"Jefferson, NE",7176
31097,"Johnson, NE",5316
31099,"Kearney, NE",6674
31101,"Keith, NE",8279
31103,"Keya Paha, NE",787
31105,"Kimball, NE",3412
31107,"Knox, NE",8401
31109,"Lancaster, NE",324514
31111,"Lincoln, NE",34133
31113,"Logan, NE",687
31115,"Loup, NE",604
31117,"McPherson, NE",379
31119,"Madison, NE",35337
31121,"Merrick, NE",7665
31123,"Morrill, NE",4574
31125,"Nance, NE",3390
31127,"Nemaha, NE",7064
31129,"Nuckolls, NE",4060
31131,"Otoe, NE",15930
31133,"Pawnee, NE",2548
31135,"Perkins, NE",2832
31137,"Phelps, NE",8937
31139,"Pierce, NE",7313
31141,"Platte, NE",34241
31143,"Polk, NE",5174
31145,"Red Willow, NE",10623
31147,"Richardson, NE",7759
31149,"Rock, NE",1264
31151,"Saline, NE",14192
31153,"Sarpy, NE",193418
31155,"Saunders, NE",22787
31157,"Scotts Bluff, NE",35745
31159,"Seward, NE",17603
31161,"Sheridan, NE",5095
31163,"Sherman, NE",2964
31165,"Sioux, NE",1143
31167,"Stanton, NE",5816
31169,"Thayer, NE",4913
31171,"Thomas, NE",673
31173,"Thurston, NE",6620
31175,"Valley, NE",4066
31177,"Washington, NE",20969
31179,"Wayne, NE",9784
31181,"Webster, NE",3411
31183,"Wheeler, NE",795
31185,"York, NE",14244
32001,"Churchill, NV",25723
32003,"Clark, NV",2292476
32005,"Douglas, NV",49870
32007,"Elko, NV",53915
32009,"Esmeralda, NV",743
32011,"Eureka, NV",1903
32013,"Humboldt, NV",17648
32015,"Lander, NV",5798
32017,"Lincoln, NV",4525
32019,"Lyon, NV",60903
32021,"Mineral, NV",4586
32023,"Nye, NV",53450
32027,"Pershing, NV",6741
32029,"Storey, NV",4143
32031,"Washoe, NV",493392
32033,"White Pine, NV",9182
32510,"Carson City (Independent City), NV",58993
33001,"Belknap, NH",64460
33003,"Carroll, NH",51500
33005,"Cheshire, NH",77329
33007,"Coos, NH",31289
33009,"Grafton, NH",92201
33011,"Hillsborough, NH",424079
33013,"Merrimack, NH",155238
33015,"Rockingham, NH",316947
33017,"Strafford, NH",132416
33019,"Sullivan, NH",43533
34001,"Atlantic, NJ",274966
34003,"Bergen, NJ",953819
34005,"Burlington, NJ",464269
34007,"Camden, NJ",523771
34009,"Cape May, NJ",95661
34011,"Cumberland, NJ",153627
34013,"Essex, NJ",854917
34015,"Gloucester, NJ",304477
34017,"Hudson, NJ",702463
34019,"Hunterdon, NJ",129924
34021,"Mercer, NJ",385898
34023,"Middlesex, NJ",860807
34025,"Monmouth, NJ",645354
34027,"Morris, NJ",510981
34029,"Ocean, NJ",648998
34031,"Passaic, NJ",518117
34033,"Salem, NJ",65046
34035,"Somerset, NJ",345647
34037,"Sussex, NJ",145543
34039,"Union, NJ",572114
34041,"Warren, NJ",110731
35001,"Bernalillo, NM",674393
35003,"Catron, NM",3731
35005,"Chaves, NM",64629
35006,"Cibola, NM*",27184
35007,"Colfax, NM",12369
35009,"Curry, NM",47999
35011,"De Baca, NM",1680
35013,"Do√±a Ana, NM",221508
35015,"Eddy, NM",60911
35017,"Grant, NM",27889
35019,"Guadalupe, NM",4449
35021,"Harding, NM",639
35023,"Hidalgo, NM",4074
35025,"Lea, NM",73004
35027,"Lincoln, NM",20436
35028,"Los Alamos, NM",19330
35029,"Luna, NM",25532
35031,"McKinley, NM",71780
35033,"Mora, NM",4196
35035,"Otero, NM",68537
35037,"Quay, NM",8656
35039,"Rio Arriba, NM",40179
35041,"Roosevelt, NM",19019
35043,"Sandoval, NM",151369
35045,"San Juan, NM",120993
35047,"San Miguel, NM",27150
35049,"Santa Fe, NM",155201
35051,"Sierra, NM",11502
35053,"Socorro, NM",16311
35055,"Taos, NM",34623
35057,"Torrance, NM",15307
35059,"Union, NM",4107
35061,"Valencia, NM*",77190
36001,"Albany, NY",313743
36003,"Allegany, NY",46106
36005,"Bronx, NY",1424948
36007,"Broome, NY",197240
36009,"Cattaraugus, NY",76426
36011,"Cayuga, NY",75880
36013,"Chautauqua, NY",126807
36015,"Chemung, NY",83045
36017,"Chenango, NY",46537
36019,"Clinton, NY",79596
36021,"Columbia, NY",61778
36023,"Cortland, NY",46311
36025,"Delaware, NY",44378
36027,"Dutchess, NY",297112
36029,"Erie, NY",950683
36031,"Essex, NY",37268
36033,"Franklin, NY",47456
36035,"Fulton, NY",53116
36037,"Genesee, NY",57853
36039,"Greene, NY",48499
36041,"Hamilton, NY",5119
36043,"Herkimer, NY",59937
36045,"Jefferson, NY",116295
36047,"Kings, NY",2641052
36049,"Lewis, NY",26573
36051,"Livingston, NY",61578
36053,"Madison, NY",67658
36055,"Monroe, NY",755160
36057,"Montgomery, NY",49558
36059,"Nassau, NY",1390907
36061,"New York, NY",1576876
36063,"Niagara, NY",211653
36065,"Oneida, NY",230274
36067,"Onondaga, NY",473236
36069,"Ontario, NY",112508
36071,"Orange, NY",404525
36073,"Orleans, NY",40191
36075,"Oswego, NY",117387
36077,"Otsego, NY",58123
36079,"Putnam, NY",97936
36081,"Queens, NY",2331143
36083,"Rensselaer, NY",160232
36085,"Richmond, NY",493494
36087,"Rockland, NY",339227
36089,"St. Lawrence, NY",108051
36091,"Saratoga, NY",237359
36093,"Schenectady, NY",158089
36095,"Schoharie, NY",29863
36097,"Schuyler, NY",17752
36099,"Seneca, NY",33688
36101,"Steuben, NY",92948
36103,"Suffolk, NY",1526344
36105,"Sullivan, NY",79806
36107,"Tioga, NY",47980
36109,"Tompkins, NY",105162
36111,"Ulster, NY",182951
36113,"Warren, NY",65618
36115,"Washington, NY",60956
36117,"Wayne, NY",90923
36119,"Westchester, NY",997895
36121,"Wyoming, NY",40491
36123,"Yates, NY",24613
37001,"Alamance, NC",173877
37003,"Alexander, NC",36644
37005,"Alleghany, NC",11049
37007,"Anson, NC",22060
37009,"Ashe, NC",26711
37011,"Avery, NC",17864
37013,"Beaufort, NC",44468
37015,"Bertie, NC",17505
37017,"Bladen, NC",29525
37019,"Brunswick, NC",144215
37021,"Buncombe, NC",271534
37023,"Burke, NC",87611
37025,"Cabarrus, NC",231278
37027,"Caldwell, NC",80463
37029,"Camden, NC",10835
37031,"Carteret, NC",68541
37033,"Caswell, NC",22714
37035,"Catawba, NC",161723
37037,"Chatham, NC",77889
37039,"Cherokee, NC",29167
37041,"Chowan, NC",13722
37043,"Clay, NC",11309
37045,"Cleveland, NC",100359
37047,"Columbus, NC",50092
37049,"Craven, NC",100674
37051,"Cumberland, NC",335508
37053,"Currituck, NC",29653
37055,"Dare, NC",37826
37057,"Davidson, NC",170637
37059,"Davie, NC",43533
37061,"Duplin, NC",48515
37063,"Durham, NC",326126
37065,"Edgecombe, NC",48359
37067,"Forsyth, NC",385523
37069,"Franklin, NC",71703
37071,"Gaston, NC",230856
37073,"Gates, NC",10366
37075,"Graham, NC",8043
37077,"Granville, NC",61986
37079,"Greene, NC",20417
37081,"Guilford, NC",542410
37083,"Halifax, NC",48272
37085,"Harnett, NC",135966
37087,"Haywood, NC",62476
37089,"Henderson, NC",116829
37091,"Hertford, NC",21278
37093,"Hoke, NC",53114
37095,"Hyde, NC",4508
37097,"Iredell, NC",191968
37099,"Jackson, NC",43410
37101,"Johnston, NC",226504
37103,"Jones, NC",9255
37105,"Lee, NC",64138
37107,"Lenoir, NC",54706
37109,"Lincoln, NC",89670
37111,"McDowell, NC",44717
37113,"Macon, NC",37564
37115,"Madison, NC",21502
37117,"Martin, NC",21754
37119,"Mecklenburg, NC",1122276
37121,"Mitchell, NC",14963
37123,"Montgomery, NC",25798
37125,"Moore, NC",102763
37127,"Nash, NC",95176
37129,"New Hanover, NC",229018
37131,"Northampton, NC",17129
37133,"Onslow, NC",206160
37135,"Orange, NC",148884
37137,"Pamlico, NC",12344
37139,"Pasquotank, NC",40821
37141,"Pender, NC",62815
37143,"Perquimans, NC",13130
37145,"Person, NC",39127
37147,"Pitt, NC",172169
37149,"Polk, NC",19656
37151,"Randolph, NC",145172
37153,"Richmond, NC",42724
37155,"Robeson, NC",116328
37157,"Rockingham, NC",91266
37159,"Rowan, NC",148150
37161,"Rutherford, NC",64586
37163,"Sampson, NC",58990
37165,"Scotland, NC",34227
37167,"Stanly, NC",63425
37169,"Stokes, NC",44553
37171,"Surry, NC",71152
37173,"Swain, NC",14136
37175,"Transylvania, NC",33165
37177,"Tyrrell, NC",3254
37179,"Union, NC",243648
37181,"Vance, NC",42185
37183,"Wake, NC",1150204
37185,"Warren, NC",18762
37187,"Washington, NC",10892
37189,"Watauga, NC",54234
37191,"Wayne, NC",116835
37193,"Wilkes, NC",65806
37195,"Wilson, NC",78369
37197,"Yadkin, NC",37192
37199,"Yancey, NC",18757
38001,"Adams, ND",2167
38003,"Barnes, ND",10806
38005,"Benson, ND",5809
38007,"Billings, ND",955
38009,"Bottineau, ND",6390
38011,"Bowman, ND",2903
38013,"Burke, ND",2158
38015,"Burleigh, ND",98933
38017,"Cass, ND",186562
38019,"Cavalier, ND",3662
38021,"Dickey, ND",4897
38023,"Divide, ND",2188
38025,"Dunn, ND",4035
38027,"Eddy, ND",2337
38029,"Emmons, ND",3271
38031,"Foster, ND",3364
38033,"Golden Valley, ND",1770
38035,"Grand Forks, ND",72705
38037,"Grant, ND",2323
38039,"Griggs, ND",2281
38041,"Hettinger, ND",2430
38043,"Kidder, ND",2369
38045,"LaMoure, ND",4066
38047,"Logan, ND",1883
38049,"McHenry, ND",5249
38051,"McIntosh, ND",2513
38053,"McKenzie, ND",13819
38055,"McLean, ND",9796
38057,"Mercer, ND",8323
38059,"Morton, ND",33611
38061,"Mountrail, ND",9576
38063,"Nelson, ND",3054
38065,"Oliver, ND",1873
38067,"Pembina, ND",6767
38069,"Pierce, ND",3953
38071,"Ramsey, ND",11572
38073,"Ransom, ND",5675
38075,"Renville, ND",2266
38077,"Richland, ND",16560
38079,"Rolette, ND",12048
38081,"Sargent, ND",3829
38083,"Sheridan, ND",1268
38085,"Sioux, ND",3738
38087,"Slope, ND",690
38089,"Stark, ND",33046
38091,"Steele, ND",1810
38093,"Stutsman, ND",21576
38095,"Towner, ND",2140
38097,"Traill, ND",8003
38099,"Walsh, ND",10469
38101,"Ward, ND",69071
38103,"Wells, ND",3905
38105,"Williams, ND",38484
39001,"Adams, OH",27542
39003,"Allen, OH",101670
39005,"Ashland, OH",52316
39007,"Ashtabula, OH",97337
39009,"Athens, OH",62056
39011,"Auglaize, OH",46141
39013,"Belmont, OH",65849
39015,"Brown, OH",43662
39017,"Butler, OH",390234
39019,"Carroll, OH",26691
39021,"Champaign, OH",38699
39023,"Clark, OH",135633
39025,"Clermont, OH",209642
39027,"Clinton, OH",42004
39029,"Columbiana, OH",101310
39031,"Coshocton, OH",36618
39033,"Crawford, OH",41754
39035,"Cuyahoga, OH",1249387
39037,"Darke, OH",51597
39039,"Defiance, OH",38144
39041,"Delaware, OH",220740
39043,"Erie, OH",74852
39045,"Fairfield, OH",161064
39047,"Fayette, OH",28906
39049,"Franklin, OH",1321414
39051,"Fulton, OH",42450
39053,"Gallia, OH",29158
39055,"Geauga, OH",95565
39057,"Greene, OH",168412
39059,"Guernsey, OH",38287
39061,"Hamilton, OH",826139
39063,"Hancock, OH",74656
39065,"Hardin, OH",30621
39067,"Harrison, OH",14477
39069,"Henry, OH",27538
39071,"Highland, OH",43354
39073,"Hocking, OH",28097
39075,"Holmes, OH",44271
39077,"Huron, OH",58367
39079,"Jackson, OH",32511
39081,"Jefferson, OH",64789
39083,"Knox, OH",62897
39085,"Lake, OH",232023
39087,"Lawrence, OH",57445
39089,"Licking, OH",180401
39091,"Logan, OH",46035
39093,"Lorain, OH",315595
39095,"Lucas, OH",429191
39097,"Madison, OH",44386
39099,"Mahoning, OH",226762
39101,"Marion, OH",65291
39103,"Medina, OH",183092
39105,"Meigs, OH",22049
39107,"Mercer, OH",42309
39109,"Miami, OH",109264
39111,"Monroe, OH",13329
39113,"Montgomery, OH",535840
39115,"Morgan, OH",13682
39117,"Morrow, OH",35151
39119,"Muskingum, OH",86408
39121,"Noble, OH",14176
39123,"Ottawa, OH",40104
39125,"Paulding, OH",18871
39127,"Perry, OH",35460
39129,"Pickaway, OH",59333
39131,"Pike, OH",27089
39133,"Portage, OH",162382
39135,"Preble, OH",40867
39137,"Putnam, OH",34318
39139,"Richland, OH",125195
39141,"Ross, OH",76891
39143,"Sandusky, OH",58715
39145,"Scioto, OH",73346
39147,"Seneca, OH",54906
39149,"Shelby, OH",47977
39151,"Stark, OH",373834
39153,"Summit, OH",537633
39155,"Trumbull, OH",201335
39157,"Tuscarawas, OH",92500
39159,"Union, OH",64971
39161,"Van Wert, OH",28732
39163,"Vinton, OH",12696
39165,"Warren, OH",246553
39167,"Washington, OH",59423
39169,"Wayne, OH",116710
39171,"Williams, OH",36716
39173,"Wood, OH",132472
39175,"Wyandot, OH",21708
40001,"Adair, OK",19414
40003,"Alfalfa, OK",5710
40005,"Atoka, OK",14324
40007,"Beaver, OK",4980
40009,"Beckham, OK",22046
40011,"Blaine, OK",8562
40013,"Bryan, OK",47105
40015,"Caddo, OK",26368
40017,"Canadian, OK",161737
40019,"Carter, OK",48291
40021,"Cherokee, OK",47627
40023,"Choctaw, OK",14307
40025,"Cimarron, OK",2248
40027,"Cleveland, OK",297597
40029,"Coal, OK",5276
40031,"Comanche, OK",122063
40033,"Cotton, OK",5480
40035,"Craig, OK",14115
40037,"Creek, OK",72029
40039,"Custer, OK",28163
40041,"Delaware, OK",41000
40043,"Dewey, OK",4417
40045,"Ellis, OK",3762
40047,"Garfield, OK",61926
40049,"Garvin, OK",25804
40051,"Grady, OK",55508
40053,"Grant, OK",4131
40055,"Greer, OK",5487
40057,"Harmon, OK",2418
40059,"Harper, OK",3180
40061,"Haskell, OK",11602
40063,"Hughes, OK",13405
40065,"Jackson, OK",24777
40067,"Jefferson, OK",5438
40069,"Johnston, OK",10301
40071,"Kay, OK",43732
40073,"Kingfisher, OK",15204
40075,"Kiowa, OK",8410
40077,"Latimer, OK",9427
40079,"Le Flore, OK",48476
40081,"Lincoln, OK",33829
40083,"Logan, OK",50885
40085,"Love, OK",10216
40087,"McClain, OK",43516
40089,"McCurtain, OK",30884
40091,"McIntosh, OK",19245
40093,"Major, OK",7668
40095,"Marshall, OK",15594
40097,"Mayes, OK",39159
40099,"Murray, OK",13718
40101,"Muskogee, OK",66146
40103,"Noble, OK",10933
40105,"Nowata, OK",9303
40107,"Okfuskee, OK",11197
40109,"Oklahoma, OK",798575
40111,"Okmulgee, OK",36843
40113,"Osage, OK",45772
40115,"Ottawa, OK",30340
40117,"Pawnee, OK",15741
40119,"Payne, OK",81989
40121,"Pittsburg, OK",43633
40123,"Pontotoc, OK",38163
40125,"Pottawatomie, OK",73019
40127,"Pushmataha, OK",10815
40129,"Roger Mills, OK",3386
40131,"Rogers, OK",96695
40133,"Seminole, OK",23567
40135,"Sequoyah, OK",39508
40137,"Stephens, OK",43129
40139,"Texas, OK",20865
40141,"Tillman, OK",7076
40143,"Tulsa, OK",672858
40145,"Wagoner, OK",84050
40147,"Washington, OK",52772
40149,"Washita, OK",10915
40151,"Woods, OK",8583
40153,"Woodward, OK",20205
41001,"Baker, OR",16847
41003,"Benton, OR",96017
41005,"Clackamas, OR",422537
41007,"Clatsop, OR",41810
41009,"Columbia, OR",53074
41011,"Coos, OR",64999
41013,"Crook, OR",25739
41015,"Curry, OR",23683
41017,"Deschutes, OR",204801
41019,"Douglas, OR",111978
41021,"Gilliam, OR",2005
41023,"Grant, OR",7272
41025,"Harney, OR",7575
41027,"Hood River, OR",24057
41029,"Jackson, OR",223734
41031,"Jefferson, OR",25068
41033,"Josephine, OR",88346
41035,"Klamath, OR",70164
41037,"Lake, OR",8276
41039,"Lane, OR",383189
41041,"Lincoln, OR",50862
41043,"Linn, OR",129839
41045,"Malheur, OR",31693
41047,"Marion, OR",347119
41049,"Morrow, OR",12303
41051,"Multnomah, OR",803377
41053,"Polk, OR",89164
41055,"Sherman, OR",1907
41057,"Tillamook, OR",27748
41059,"Umatilla, OR",79988
41061,"Union, OR",26212
41063,"Wallowa, OR",7545
41065,"Wasco, OR",26726
41067,"Washington, OR",600811
41069,"Wheeler, OR",1451
41071,"Yamhill, OR",108239
42001,"Adams, PA",104127
42003,"Allegheny, PA",1238090
42005,"Armstrong, PA",65093
42007,"Beaver, PA",166624
42009,"Bedford, PA",47461
42011,"Berks, PA",429342
42013,"Blair, PA",121767
42015,"Bradford, PA",59892
42017,"Bucks, PA",646098
42019,"Butler, PA",194273
42021,"Cambria, PA",132167
42023,"Cameron, PA",4459
42025,"Carbon, PA",65412
42027,"Centre, PA",157527
42029,"Chester, PA",538649
42031,"Clarion, PA",37156
42033,"Clearfield, PA",80082
42035,"Clinton, PA",37465
42037,"Columbia, PA",64872
42039,"Crawford, PA",83351
42041,"Cumberland, PA",262919
42043,"Dauphin, PA",287400
42045,"Delaware, PA",573849
42047,"Elk, PA",30783
42049,"Erie, PA",269011
42051,"Fayette, PA",126931
42053,"Forest, PA",7032
42055,"Franklin, PA",156289
42057,"Fulton, PA",14523
42059,"Greene, PA",35369
42061,"Huntingdon, PA",43889
42063,"Indiana, PA",82886
42065,"Jefferson, PA",44114
42067,"Juniata, PA",23297
42069,"Lackawanna, PA",215663
42071,"Lancaster, PA",553652
42073,"Lawrence, PA",85497
42075,"Lebanon, PA",143493
42077,"Lehigh, PA",375539
42079,"Luzerne, PA",326053
42081,"Lycoming, PA",113605
42083,"McKean, PA",39941
42085,"Mercer, PA",109972
42087,"Mifflin, PA",46136
42089,"Monroe, PA",169273
42091,"Montgomery, PA",860578
42093,"Montour, PA",18087
42095,"Northampton, PA",313628
42097,"Northumberland, PA",91266
42099,"Perry, PA",45986
42101,"Philadelphia, PA",1576251
42103,"Pike, PA",59952
42105,"Potter, PA",16259
42107,"Schuylkill, PA",143264
42109,"Snyder, PA",39621
42111,"Somerset, PA",73627
42113,"Sullivan, PA",5868
42115,"Susquehanna, PA",38389
42117,"Tioga, PA",40929
42119,"Union, PA",42568
42121,"Venango, PA",49938
42123,"Warren, PA",38134
42125,"Washington, PA",209470
42127,"Wayne, PA",51431
42129,"Westmoreland, PA",353057
42131,"Wyoming, PA",26034
42133,"York, PA",458696
44001,"Bristol, RI",50818
44003,"Kent, RI",170715
44005,"Newport, RI",85264
44007,"Providence, RI",658221
44009,"Washington, RI",130592
45001,"Abbeville, SC",24299
45003,"Aiken, SC",170776
45005,"Allendale, SC",7858
45007,"Anderson, SC",206908
45009,"Bamberg, SC",13189
45011,"Barnwell, SC",20580
45013,"Beaufort, SC",191748
45015,"Berkeley, SC",236701
45017,"Calhoun, SC",14165
45019,"Charleston, SC",413024
45021,"Cherokee, SC",56052
45023,"Chester, SC",32209
45025,"Chesterfield, SC",43268
45027,"Clarendon, SC",31024
45029,"Colleton, SC",38462
45031,"Darlington, SC",62755
45033,"Dillon, SC",28087
45035,"Dorchester, SC",163327
45037,"Edgefield, SC",26153
45039,"Fairfield, SC",20690
45041,"Florence, SC",136504
45043,"Georgetown, SC",63921
45045,"Greenville, SC",533834
45047,"Greenwood, SC",69241
45049,"Hampton, SC",18180
45051,"Horry, SC",365579
45053,"Jasper, SC",30324
45055,"Kershaw, SC",66130
45057,"Lancaster, SC",100336
45059,"Laurens, SC",67803
45061,"Lee, SC",16280
45063,"Lexington, SC",300137
45065,"McCormick, SC",9760
45067,"Marion, SC",28784
45069,"Marlboro, SC",26382
45071,"Newberry, SC",37996
45073,"Oconee, SC",79203
45075,"Orangeburg, SC",82962
45077,"Pickens, SC",132229
45079,"Richland, SC",418307
45081,"Saluda, SC",18821
45083,"Spartanburg, SC",335864
45085,"Sumter, SC",104758
45087,"Union, SC",27016
45089,"Williamsburg, SC",30484
45091,"York, SC",288595
46003,"Aurora, SD",2748
46005,"Beadle, SD",19121
46007,"Bennett, SD",3406
46009,"Bon Homme, SD",7014
46011,"Brookings, SD",34639
46013,"Brown, SD",38101
46015,"Brule, SD",5242
46017,"Buffalo, SD",1923
46019,"Butte, SD",10456
46021,"Campbell, SD",1380
46023,"Charles Mix, SD",9163
46025,"Clark, SD",3855
46027,"Clay, SD",15150
46029,"Codington, SD",28427
46031,"Corson, SD",3872
46033,"Custer, SD",8609
46035,"Davison, SD",19878
46037,"Day, SD",5414
46039,"Deuel, SD",4272
46041,"Dewey, SD",5246
46043,"Douglas, SD",2821
46045,"Edmunds, SD",4033
46047,"Fall River, SD",7202
46049,"Faulk, SD",2137
46051,"Grant, SD",7519
46053,"Gregory, SD",3977
46055,"Haakon, SD",1835
46057,"Hamlin, SD",6255
46059,"Hand, SD",3095
46061,"Hanson, SD",3505
46063,"Harding, SD",1327
46065,"Hughes, SD",17694
46067,"Hutchinson, SD",7411
46069,"Hyde, SD",1236
46071,"Jackson, SD",2878
46073,"Jerauld, SD",1636
46075,"Jones, SD",879
46077,"Kingsbury, SD",5192
46079,"Lake, SD",10851
46081,"Lawrence, SD",26165
46083,"Lincoln, SD",67870
46085,"Lyman, SD",3764
46087,"McCook, SD",5695
46089,"McPherson, SD",2420
46091,"Marshall, SD",4304
46093,"Meade, SD",30173
46095,"Mellette, SD",1908
46097,"Miner, SD",2314
46099,"Minnehaha, SD",199685
46101,"Moody, SD",6315
46102,"Oglala Lakota, SD*",13586
46103,"Pennington, SD",111806
46105,"Perkins, SD",2819
46107,"Potter, SD",2475
46109,"Roberts, SD",10163
46111,"Sanborn, SD",2378
46115,"Spink, SD",6269
46117,"Stanley, SD",3032
46119,"Sully, SD",1476
46121,"Todd, SD",9286
46123,"Tripp, SD",5569
46125,"Turner, SD",8708
46127,"Union, SD",16872
46129,"Walworth, SD",5248
46135,"Yankton, SD",23297
46137,"Ziebach, SD",2380
47001,"Anderson, TN",77576
47003,"Bedford, TN",51119
47005,"Benton, TN",15872
47007,"Bledsoe, TN",15234
47009,"Blount, TN",137605
47011,"Bradley, TN",110162
47013,"Campbell, TN",39578
47015,"Cannon, TN",14553
47017,"Carroll, TN",28432
47019,"Carter, TN",56134
47021,"Cheatham, TN",41523
47023,"Chester, TN",17504
47025,"Claiborne, TN",32267
47027,"Clay, TN",7555
47029,"Cocke, TN",36418
47031,"Coffee, TN",59032
47033,"Crockett, TN",13979
47035,"Cumberland, TN",62451
47037,"Davidson, TN",703953
47039,"Decatur, TN",11391
47041,"DeKalb, TN",20478
47043,"Dickson, TN",55292
47045,"Dyer, TN",36615
47047,"Fayette, TN",42832
47049,"Fentress, TN",18850
47051,"Franklin, TN",43215
47053,"Gibson, TN",50541
47055,"Giles, TN",30542
47057,"Grainger, TN",23763
47059,"Greene, TN",70621
47061,"Grundy, TN",13622
47063,"Hamblen, TN",64468
47065,"Hamilton, TN",369135
47067,"Hancock, TN",6787
47069,"Hardeman, TN",25426
47071,"Hardin, TN",26892
47073,"Hawkins, TN",57288
47075,"Haywood, TN",17694
47077,"Henderson, TN",27953
47079,"Henry, TN",32239
47081,"Hickman, TN",25307
47083,"Houston, TN",8317
47085,"Humphreys, TN",19211
47087,"Jackson, TN",11750
47089,"Jefferson, TN",55624
47091,"Johnson, TN",18170
47093,"Knox, TN",486677
47095,"Lake, TN",7128
47097,"Lauderdale, TN",25108
47099,"Lawrence, TN",44828
47101,"Lewis, TN",12857
47103,"Lincoln, TN",35433
47105,"Loudon, TN",56690
47107,"McMinn, TN",54059
47109,"McNairy, TN",25860
47111,"Macon, TN",25699
47113,"Madison, TN",98775
47115,"Marion, TN",28877
47117,"Marshall, TN",34984
47119,"Maury, TN",104760
47121,"Meigs, TN",13049
47123,"Monroe, TN",46698
47125,"Montgomery, TN",227900
47127,"Moore, TN",6644
47129,"Morgan, TN",21254
47131,"Obion, TN",30466
47133,"Overton, TN",22839
47135,"Perry, TN",8472
47137,"Pickett, TN",5079
47139,"Polk, TN",17776
47141,"Putnam, TN",81188
47143,"Rhea, TN",33136
47145,"Roane, TN",53992
47147,"Robertson, TN",74098
47149,"Rutherford, TN",352182
47151,"Scott, TN",21917
47153,"Sequatchie, TN",16396
47155,"Sevier, TN",99517
47157,"Shelby, TN",924454
47159,"Smith, TN",20172
47161,"Stewart, TN",13855
47163,"Sullivan, TN",159265
47165,"Sumner, TN",200557
47167,"Tipton, TN",61004
47169,"Trousdale, TN",12035
47171,"Unicoi, TN",17698
47173,"Union, TN",20040
47175,"Van Buren, TN",6324
47177,"Warren, TN",41523
47179,"Washington, TN",134236
47181,"Wayne, TN",16409
47183,"Weakley, TN",33036
47185,"White, TN",27650
47187,"Williamson, TN",255735
47189,"Wilson, TN",151917
48001,"Anderson, TX",58402
48003,"Andrews, TX",18440
48005,"Angelina, TX",86506
48007,"Aransas, TX",24510
48009,"Archer, TX",8681
48011,"Armstrong, TX",1839
48013,"Atascosa, TX",49939
48015,"Austin, TX",30380
48017,"Bailey, TX",6835
48019,"Bandera, TX",21565
48021,"Bastrop, TX",102058
48023,"Baylor, TX",3477
48025,"Bee, TX",30924
48027,"Bell, TX",379617
48029,"Bexar, TX",2028236
48031,"Blanco, TX",11886
48033,"Borden, TX",617
48035,"Bosque, TX",18503
48037,"Bowie, TX",92581
48039,"Brazoria, TX",379689
48041,"Brazos, TX",237032
48043,"Brewster, TX",9450
48045,"Briscoe, TX",1403
48047,"Brooks, TX",6994
48049,"Brown, TX",38192
48051,"Burleson, TX",18051
48053,"Burnet, TX",50954
48055,"Caldwell, TX",46791
48057,"Calhoun, TX",19727
48059,"Callahan, TX",14115
48061,"Cameron, TX",423029
48063,"Camp, TX",12616
48065,"Carson, TX",5746
48067,"Cass, TX",28560
48069,"Castro, TX",7374
48071,"Chambers, TX",48865
48073,"Cherokee, TX",51097
48075,"Childress, TX",6736
48077,"Clay, TX",10263
48079,"Cochran, TX",2516
48081,"Coke, TX",3321
48083,"Coleman, TX",7735
48085,"Collin, TX",1109462
48087,"Collingsworth, TX",2615
48089,"Colorado, TX",20630
48091,"Comal, TX",174986
48093,"Comanche, TX",13775
48095,"Concho, TX",3341
48097,"Cooke, TX",42244
48099,"Coryell, TX",84232
48101,"Cottle, TX",1381
48103,"Crane, TX",4680
48105,"Crockett, TX",3068
48107,"Crosby, TX",5106
48109,"Culberson, TX",2193
48111,"Dallam, TX",7172
48113,"Dallas, TX",2586050
48115,"Dawson, TX",12413
48117,"Deaf Smith, TX",18329
48119,"Delta, TX",5392
48121,"Denton, TX",941647
48123,"DeWitt, TX",19918
48125,"Dickens, TX",1740
48127,"Dimmit, TX",8473
48129,"Donley, TX",3268
48131,"Duval, TX",9756
48133,"Eastland, TX",17864
48135,"Ector, TX",161091
48137,"Edwards, TX",1438
48139,"Ellis, TX",202678
48141,"El Paso, TX",867947
48143,"Erath, TX",43378
48145,"Falls, TX",17313
48147,"Fannin, TX",36569
48149,"Fayette, TX",24687
48151,"Fisher, TX",3706
48153,"Floyd, TX",5350
48155,"Foard, TX",1080
48157,"Fort Bend, TX",858527
48159,"Franklin, TX",10464
48161,"Freestone, TX",19774
48163,"Frio, TX",18436
48165,"Gaines, TX",21895
48167,"Galveston, TX",355062
48169,"Garza, TX",5863
48171,"Gillespie, TX",27297
48173,"Glasscock, TX",1149
48175,"Goliad, TX",7163
48177,"Gonzales, TX",19641
48179,"Gray, TX",21030
48181,"Grayson, TX",139336
48183,"Gregg, TX",124201
48185,"Grimes, TX",30287
48187,"Guadalupe, TX",177036
48189,"Hale, TX",32220
48191,"Hall, TX",2845
48193,"Hamilton, TX",8229
48195,"Hansford, TX",5159
48197,"Hardeman, TX",3552
48199,"Hardin, TX",56973
48201,"Harris, TX",4728030
48203,"Harrison, TX",69150
48205,"Hartley, TX",5397
48207,"Haskell, TX",5411
48209,"Hays, TX",255397
48211,"Hemphill, TX",3271
48213,"Henderson, TX",83667
48215,"Hidalgo, TX",880356
48217,"Hill, TX",36471
48219,"Hockley, TX",21363
48221,"Hood, TX",64222
48223,"Hopkins, TX",37211
48225,"Houston, TX",22241
48227,"Howard, TX",34128
48229,"Hudspeth, TX",3287
48231,"Hunt, TX",103394
48233,"Hutchinson, TX",20495
48235,"Irion, TX",1552
48237,"Jack, TX",8712
48239,"Jackson, TX",15121
48241,"Jasper, TX",32975
48243,"Jeff Davis, TX",1949
48245,"Jefferson, TX",253704
48247,"Jim Hogg, TX",4801
48249,"Jim Wells, TX",38847
48251,"Johnson, TX",187280
48253,"Jones, TX",19873
48255,"Karnes, TX",14754
48257,"Kaufman, TX",157768
48259,"Kendall, TX",46788
48261,"Kenedy, TX",340
48263,"Kent, TX",749
48265,"Kerr, TX",53161
48267,"Kimble, TX",4365
48269,"King, TX",258
48271,"Kinney, TX",3130
48273,"Kleberg, TX",30635
48275,"Knox, TX",3351
48277,"Lamar, TX",50098
48279,"Lamb, TX",12898
48281,"Lampasas, TX",22252
48283,"La Salle, TX",6670
48285,"Lavaca, TX",20544
48287,"Lee, TX",17706
48289,"Leon, TX",15959
48291,"Liberty, TX",97621
48293,"Limestone, TX",22119
48295,"Lipscomb, TX",2931
48297,"Live Oak, TX",11377
48299,"Llano, TX",21978
48301,"Loving, TX",57
48303,"Lubbock, TX",314451
48305,"Lynn, TX",5688
48307,"McCulloch, TX",7533
48309,"McLennan, TX",263115
48311,"McMullen, TX",608
48313,"Madison, TX",13718
48315,"Marion, TX",9645
48317,"Martin, TX",5211
48319,"Mason, TX",3943
48321,"Matagorda, TX",36344
48323,"Maverick, TX",58056
48325,"Medina, TX",51981
48327,"Menard, TX",1982
48329,"Midland, TX",167969
48331,"Milam, TX",25106
48333,"Mills, TX",4480
48335,"Mitchell, TX",9070
48337,"Montague, TX",20409
48339,"Montgomery, TX",648886
48341,"Moore, TX",21118
48343,"Morris, TX",12030
48345,"Motley, TX",1067
48347,"Nacogdoches, TX",64668
48349,"Navarro, TX",53591
48351,"Newton, TX",12241
48353,"Nolan, TX",14597
48355,"Nueces, TX",353079
48357,"Ochiltree, TX",9782
48359,"Oldham, TX",1717
48361,"Orange, TX",84742
48363,"Palo Pinto, TX",28686
48365,"Panola, TX",22675
48367,"Parker, TX",156764
48369,"Parmer, TX",9813
48371,"Pecos, TX",15118
48373,"Polk, TX",51899
48375,"Potter, TX",116547
48377,"Presidio, TX",6140
48379,"Rains, TX",12509
48381,"Randall, TX",143854
48383,"Reagan, TX",3253
48385,"Real, TX",2826
48387,"Red River, TX",11555
48389,"Reeves, TX",14487
48391,"Refugio, TX",6756
48393,"Roberts, TX",797
48395,"Robertson, TX",16958
48397,"Rockwall, TX",116381
48399,"Runnels, TX",9943
48401,"Rusk, TX",52743
48403,"Sabine, TX",10039
48405,"San Augustine, TX",7922
48407,"San Jacinto, TX",27878
48409,"San Patricio, TX",69699
48411,"San Saba, TX",5827
48413,"Schleicher, TX",2429
48415,"Scurry, TX",16824
48417,"Shackelford, TX",3212
48419,"Shelby, TX",23939
48421,"Sherman, TX",2798
48423,"Smith, TX",237186
48425,"Somervell, TX",9469
48427,"Starr, TX",66049
48429,"Stephens, TX",9173
48431,"Sterling, TX",1381
48433,"Stonewall, TX",1217
48435,"Sutton, TX",3319
48437,"Swisher, TX",7008
48439,"Tarrant, TX",2126477
48441,"Taylor, TX",143326
48443,"Terrell, TX",724
48445,"Terry, TX",11754
48447,"Throckmorton, TX",1495
48449,"Titus, TX",31183
48451,"Tom Green, TX",119411
48453,"Travis, TX",1305154
48455,"Trinity, TX",13827
48457,"Tyler, TX",20077
48459,"Upshur, TX",41774
48461,"Upton, TX",3265
48463,"Uvalde, TX",24729
48465,"Val Verde, TX",47564
48467,"Van Zandt, TX",61275
48469,"Victoria, TX",90964
48471,"Walker, TX",77977
48473,"Waller, TX",59781
48475,"Ward, TX",11194
48477,"Washington, TX",35891
48479,"Webb, TX",267945
48481,"Wharton, TX",41721
48483,"Wheeler, TX",4927
48485,"Wichita, TX",130069
48487,"Wilbarger, TX",12731
48489,"Willacy, TX",20316
48491,"Williamson, TX",643026
48493,"Wilson, TX",51257
48495,"Winkler, TX",7415
48497,"Wise, TX",71714
48499,"Wood, TX",45875
48501,"Yoakum, TX",7607
48503,"Young, TX",17977
48505,"Zapata, TX",13908
48507,"Zavala, TX",9534
49001,"Beaver, UT",7249
49003,"Box Elder, UT",59688
49005,"Cache, UT",137417
49007,"Carbon, UT",20372
49009,"Daggett, UT",976
49011,"Davis, UT",367285
49013,"Duchesne, UT",19790
49015,"Emery, UT",9967
49017,"Garfield, UT",5129
49019,"Grand, UT",9663
49021,"Iron, UT",60519
49023,"Juab, UT",12155
49025,"Kane, UT",7992
49027,"Millard, UT",13164
49029,"Morgan, UT",12657
49031,"Piute, UT",1487
49033,"Rich, UT",2597
49035,"Salt Lake, UT",1186421
49037,"San Juan, UT",14489
49039,"Sanpete, UT",29106
49041,"Sevier, UT",21906
49043,"Summit, UT",43093
49045,"Tooele, UT",76640
49047,"Uintah, UT",36204
49049,"Utah, UT",684986
49051,"Wasatch, UT",36173
49053,"Washington, UT",191226
49055,"Wayne, UT",2558
49057,"Weber, UT",267066
50001,"Addison, VT",37260
50003,"Bennington, VT",37312
50005,"Caledonia, VT",30403
50007,"Chittenden, VT",168865
50009,"Essex, VT",5925
50011,"Franklin, VT",50325
50013,"Grand Isle, VT",7421
50015,"Lamoille, VT",26126
50017,"Orange, VT",29541
50019,"Orleans, VT",27546
50021,"Rutland, VT",60591
50023,"Washington, VT",59969
50025,"Windham, VT",46090
50027,"Windsor, VT",58196
51001,"Accomack, VA",33246
51007,"Amelia, VA",13268
51009,"Amherst, VA",31273
51011,"Appomattox, VA",16353
51013,"Arlington, VA",232965
51017,"Bath, VA",4114
51019,"Bedford, VA*",80131
51021,"Bland, VA",6173
51023,"Botetourt, VA",33866
51025,"Brunswick, VA",15940
51027,"Buchanan, VA",19816
51029,"Buckingham, VA",16947
51033,"Caroline, VA",31332
51036,"Charles City, VA",6594
51037,"Charlotte, VA",11448
51041,"Chesterfield, VA",370688
51043,"Clarke, VA",14881
51045,"Craig, VA",4865
51047,"Culpeper, VA",53596
51049,"Cumberland, VA",9681
51051,"Dickenson, VA",13787
51057,"Essex, VA",10573
51061,"Fauquier, VA",73815
51063,"Floyd, VA",15566
51065,"Fluvanna, VA",27723
51067,"Franklin, VA",54938
51071,"Giles, VA",16562
51073,"Gloucester, VA",39069
51075,"Goochland, VA",25488
51077,"Grayson, VA",15359
51079,"Greene, VA",20968
51083,"Halifax, VA",33738
51085,"Hanover, VA",111603
51087,"Henrico, VA",333554
51091,"Highland, VA",2226
51093,"Isle of Wight, VA",39278
51097,"King and Queen, VA",6662
51099,"King George, VA",27489
51101,"King William, VA",18171
51103,"Lancaster, VA",10928
51105,"Lee, VA",21983
51107,"Loudoun, VA",427592
51109,"Louisa, VA",38848
51111,"Lunenburg, VA",11926
51113,"Madison, VA",13942
51115,"Mathews, VA",8546
51117,"Mecklenburg, VA",30248
51119,"Middlesex, VA",10781
51125,"Nelson, VA",14790
51127,"New Kent, VA",23897
51131,"Northampton, VA",12085
51133,"Northumberland, VA",12029
51135,"Nottoway, VA",15594
51137,"Orange, VA",37188
51139,"Page, VA",23807
51141,"Patrick, VA",17602
51145,"Powhatan, VA",31136
51147,"Prince Edward, VA",21932
51155,"Pulaski, VA",33759
51157,"Rappahannock, VA",7407
51159,"Richmond, VA",9017
51167,"Russell, VA",25550
51169,"Scott, VA",21419
51171,"Shenandoah, VA",44752
51173,"Smyth, VA",29477
51179,"Stafford, VA",160877
51181,"Surry, VA",6530
51183,"Sussex, VA",10763
51185,"Tazewell, VA",39925
51187,"Warren, VA",40925
51193,"Westmoreland, VA",18731
51197,"Wythe, VA",28178
51510,"Alexandria (Independent City), VA",154706
51550,"Chesapeake (Independent City), VA",251269
51650,"Hampton (Independent City), VA",137746
51700,"Newport News (Independent City), VA",184587
51710,"Norfolk (Independent City), VA",235089
51740,"Portsmouth (Independent City), VA",97840
51760,"Richmond (Independent City), VA",226604
51770,"Roanoke (Independent City), VA",98865
51800,"Suffolk (Independent City), VA",96194
51810,"Virginia Beach (Independent City), VA",457672
51901,"Albemarle + Charlottesville, VA*",159207
51903,"Alleghany + Covington, VA*",20703
51907,"Augusta, Staunton + Waynesboro, VA*",125774
51911,"Campbell + Lynchburg, VA*",134501
51913,"Carroll + Galax, VA*",35708
51918,"Dinwiddie, Colonial Heights + Petersburg, VA*",79614
51919,"Fairfax, Fairfax City + Falls Church, VA*",1178489
51921,"Frederick + Winchester, VA*",121853
51923,"Greensville + Emporia, VA*",17104
51929,"Henry + Martinsville, VA*",63765
51931,"James City + Williamsburg, VA*",95472
51933,"Montgomery + Radford, VA*",114972
51939,"Pittsylvania + Danville, VA*",102187
51941,"Prince George + Hopewell, VA*",66020
51942,"Prince William, Manassas + Manassas Park, VA*",544182
51944,"Roanoke + Salem, VA*",121962
51945,"Rockbridge, Buena Vista + Lexington, VA*",36698
51947,"Rockingham + Harrisonburg, VA*",135824
51949,"Southampton + Franklin, VA*",26223
51951,"Spotsylvania + Fredericksburg, VA*",172043
51953,"Washington + Bristol, VA*",70689
51955,"Wise + Norton, VA*",39313
51958,"York + Poquoson, VA*",83489
53001,"Adams, WA",20621
53003,"Asotin, WA",22397
53005,"Benton, WA",210025
53007,"Chelan, WA",79646
53009,"Clallam, WA",78209
53011,"Clark, WA",511404
53013,"Columbia, WA",4042
53015,"Cowlitz, WA",111524
53017,"Douglas, WA",43696
53019,"Ferry, WA",7273
53021,"Franklin, WA",98268
53023,"Garfield, WA",2346
53025,"Grant, WA",100297
53027,"Grays Harbor, WA",76841
53029,"Island, WA",87432
53031,"Jefferson, WA",33605
53033,"King, WA",2252305
53035,"Kitsap, WA",274314
53037,"Kittitas, WA",45499
53039,"Klickitat, WA",23118
53041,"Lewis, WA",84398
53043,"Lincoln, WA",11232
53045,"Mason, WA",67615
53047,"Okanogan, WA",42634
53049,"Pacific, WA",23948
53051,"Pend Oreille, WA",13886
53053,"Pierce, WA",925708
53055,"San Juan, WA",18557
53057,"Skagit, WA",130696
53059,"Skamania, WA",12170
53061,"Snohomish, WA",833540
53063,"Spokane, WA",546040
53065,"Stevens, WA",47426
53067,"Thurston, WA",297977
53069,"Wahkiakum, WA",4582
53071,"Walla Walla, WA",62682
53073,"Whatcom, WA",228831
53075,"Whitman, WA",47873
53077,"Yakima, WA",256035
54001,"Barbour, WV",15468
54003,"Berkeley, WV",126069
54005,"Boone, WV",21312
54007,"Braxton, WV",12247
54009,"Brooke, WV",22140
54011,"Cabell, WV",93418
54013,"Calhoun, WV",6176
54015,"Clay, WV",7892
54017,"Doddridge, WV",7735
54019,"Fayette, WV",39927
54021,"Gilmer, WV",7377
54023,"Grant, WV",10983
54025,"Greenbrier, WV",32608
54027,"Hampshire, WV",23302
54029,"Hancock, WV",28656
54031,"Hardy, WV",14160
54033,"Harrison, WV",65158
54035,"Jackson, WV",27738
54037,"Jefferson, WV",58370
54039,"Kanawha, WV",177952
54041,"Lewis, WV",16892
54043,"Lincoln, WV",20126
54045,"Logan, WV",31909
54047,"McDowell, WV",18363
54049,"Marion, WV",56001
54051,"Marshall, WV",30115
54053,"Mason, WV",25157
54055,"Mercer, WV",59097
54057,"Mineral, WV",26857
54059,"Mingo, WV",23005
54061,"Monongalia, WV",106387
54063,"Monroe, WV",12332
54065,"Morgan, WV",17221
54067,"Nicholas, WV",24300
54069,"Ohio, WV",41776
54071,"Pendleton, WV",6142
54073,"Pleasants, WV",7601
54075,"Pocahontas, WV",7841
54077,"Preston, WV",34358
54079,"Putnam, WV",57260
54081,"Raleigh, WV",73771
54083,"Randolph, WV",27806
54085,"Ritchie, WV",8383
54087,"Roane, WV",13898
54089,"Summers, WV",11908
54091,"Taylor, WV",16492
54093,"Tucker, WV",6672
54095,"Tyler, WV",8155
54097,"Upshur, WV",23791
54099,"Wayne, WV",38498
54101,"Webster, WV",8249
54103,"Wetzel, WV",14170
54105,"Wirt, WV",5063
54107,"Wood, WV",83624
54109,"Wyoming, WV",21051
55001,"Adams, WI",20875
55003,"Ashland, WI",16107
55005,"Barron, WI",46719
55007,"Bayfield, WI",16320
55009,"Brown, WI",269591
55011,"Buffalo, WI",13302
55013,"Burnett, WI",16744
55015,"Calumet, WI",52539
55017,"Chippewa, WI",66865
55019,"Clark, WI",34746
55021,"Columbia, WI",58488
55023,"Crawford, WI",16075
55025,"Dane, WI",563951
55027,"Dodge, WI",89313
55029,"Door, WI",30369
55031,"Douglas, WI",44203
55033,"Dunn, WI",45547
55035,"Eau Claire, WI",106452
55037,"Florence, WI",4593
55039,"Fond du Lac, WI",104362
55041,"Forest, WI",9258
55043,"Grant, WI",52110
55045,"Green, WI",36988
55047,"Green Lake, WI",19229
55049,"Iowa, WI",23756
55051,"Iron, WI",6178
55053,"Jackson, WI",21121
55055,"Jefferson, WI",84943
55057,"Juneau, WI",26802
55059,"Kenosha, WI",168732
55061,"Kewaunee, WI",20543
55063,"La Crosse, WI",120433
55065,"Lafayette, WI",16784
55067,"Langlade, WI",19502
55069,"Lincoln, WI",28541
55071,"Manitowoc, WI",81505
55073,"Marathon, WI",137648
55075,"Marinette, WI",41875
55077,"Marquette, WI",15792
55078,"Menominee, WI*",4289
55079,"Milwaukee, WI",928059
55081,"Monroe, WI",46193
55083,"Oconto, WI",39356
55085,"Oneida, WI",38259
55087,"Outagamie, WI",191545
55089,"Ozaukee, WI",92497
55091,"Pepin, WI",7364
55093,"Pierce, WI",42587
55095,"Polk, WI",45431
55097,"Portage, WI",70468
55099,"Price, WI",14050
55101,"Racine, WI",196896
55103,"Richland, WI",17212
55105,"Rock, WI",164381
55107,"Rusk, WI",14123
55109,"St. Croix, WI",95044
55111,"Sauk, WI",65697
55113,"Sawyer, WI",18295
55115,"Shawano, WI*",40859
55117,"Sheboygan, WI",117747
55119,"Taylor, WI",19923
55121,"Trempealeau, WI",30724
55123,"Vernon, WI",30915
55125,"Vilas, WI",23520
55127,"Walworth, WI",106799
55129,"Washburn, WI",16752
55131,"Washington, WI",137175
55133,"Waukesha, WI",408756
55135,"Waupaca, WI",51570
55137,"Waushara, WI",24828
55139,"Winnebago, WI",171623
55141,"Wood, WI",74070
55901,"Shawano (includes Menominee), WI*",(NA)
56001,"Albany, WY",37608
56003,"Big Horn, WY",11632
56005,"Campbell, WY",46401
56007,"Carbon, WY",14649
56009,"Converse, WY",13672
56011,"Crook, WY",7315
56013,"Fremont, WY",39336
56015,"Goshen, WY",12537
56017,"Hot Springs, WY",4597
56019,"Johnson, WY",8623
56021,"Laramie, WY",100863
56023,"Lincoln, WY",20153
56025,"Natrona, WY",79555
56027,"Niobrara, WY",2438
56029,"Park, WY",30108
56031,"Platte, WY",8699
56033,"Sheridan, WY",31646
56035,"Sublette, WY",8697
56037,"Sweetwater, WY",41614
56039,"Teton, WY",23575
56041,"Uinta, WY",20635
56043,"Washakie, WY",7705
56045,"Weston, WY",6745
,,
Legend/Footnotes,,
"1/ Census Bureau midyear population estimate. BEA produced intercensal annual county population statistics for 2010 to 2019 that are tied to the Census Bureau decennial counts for 2010 and 2020. BEA developed intercensal population statistics because this data was not published when Census released county population data for 2020 and 2021, which are based on the 2020 decennial counts. BEA used the Census Bureau Das Gupta method (see https://www2.census.gov/programs-surveys/popest/technical-documentation/methodology/intercensal/2000-2010-intercensal-estimates-methodology.pdf), modified to account for an extra leap year day, to produce the intercensal population figures that will be used until Census releases its official intercensal population data.",,
* Estimates for 1979 forward reflect Alaska Census Areas as defined by the Census Bureau; those for prior years reflect Alaska Census Divisions as defined in the 1970 Decennial Census.,,
* Estimates from 1988 forward separate Aleutian Islands Census Area (02010) into Aleutians East Borough (02013) and Aleutians West Census Area (02016).,,
* Estimates for 1991 forward separate Denali Borough (02068) from Yukon-Koyukuk Census Area (02290) and Lake and Peninsula Borough (02164) from Dillingham Census Area (02070).,,
"* Estimates from 1993 forward separate Skagway-Yakutat-Angoon Census Area (02231) into Skagway-Hoonah-Angoon Census Area (02232) and Yakutat City and Borough (02282). Estimates from 2008 forward separate Skagway-Hoonah-Angoon Census Area (02232) into Skagway Municipality (02230) and Hoonah-Angoon Census Area (02105). Estimates from 2009 forward separate Wrangell-Petersburg Census Area (02280) into Petersburg Census Area and Wrangell City and Borough (02275). In addition, a part of the Prince of Wales-Outer Ketchikan Census Area (02201) was annexed by Ketchikan Gateway Borough (02130) and part (Meyers Chuck Area) was included in the new Wrangell City and Borough (02275). The remainder of the Prince of Wales-Outer Ketchikan Census Area (02201) was renamed Prince of Wales-Hyder Census Area (02198). Petersburg Borough (02195) was created from part of former Petersburg Census Area and part of Hoonah-Angoon Census Area (02105) for 2013 forward. Prince of Wales-Hyder Census Area (02198) added part of the former Petersburg Census Area beginning in 2013. For years 2009-2012, Petersburg Borough (02195) reflects the geographic boundaries of the former Petersburg Census Area.",,
"* Wade Hampton Census Area was renamed Kusilvak Census Area (02158) on July 1, 2015.",,
"* On January 2, 2019, two new county equivalents were created from the former Valdez-Cordova Census Area, Alaska (02261): Chugach Census Area (02063) and Copper River Census Area (02066). Estimates for 2020 forward reflect these changes.",,
"* La Paz County, AZ was separated from Yuma County on January 1, 1983. The Yuma, AZ MSA contains the area that became La Paz County, AZ through 1982 and excludes it beginning with 1983.",,
"* Broomfield County, CO, was created from parts of Adams, Boulder, Jefferson, and Weld counties effective November 15, 2001. Estimates for Broomfield county begin with 2002.",,
"* Kalawao County, Hawaii is combined with Maui County. Separate estimates for the jurisdictions making up the combination areas are not available.",,
"* Cibola, NM was separated from Valencia in June 1981, but in these estimates, Valencia includes Cibola through the end of 1981.",,
"* Shannon County, SD was renamed to Oglala Lakota County, SD on May 1, 2015.",,
"* Virginia combination areas consist of one or two independent cities with 1980 populations of less than 100,000 combined with an adjacent county. The county name appears first, followed by the city name(s). Separate estimates for the jurisdictions making up the combination area are not available. Bedford County, VA includes the independent city of Bedford for all years.",,
"* Shawano, WI and Menominee, WI are combined as Shawano (incl. Menominee), WI for the years prior to 1989.",,
"  Metropolitan Areas are defined (geographically delineated) by the Office of Management and Budget (OMB) bulletin no. 20-01 issued March 6, 2020.",,
Note. All dollar estimates are in thousands of current dollars (not adjusted for inflation). Statistics presented in thousands of dollars do not indicate more precision than statistics presented in millions of dollars.,,
(NA) Not available.,,
"  Last updated: November 16, 2022-- new statistics for 2021; revised statistics for 2010-2020.",,
